--
-- PostgreSQL database dump
--

-- Dumped from database version 17.2
-- Dumped by pg_dump version 17.2

-- Started on 2025-04-11 11:50:49

SET statement_timeout = 0;
SET lock_timeout = 0;
SET idle_in_transaction_session_timeout = 0;
SET transaction_timeout = 0;
SET client_encoding = 'UTF8';
SET standard_conforming_strings = on;
SELECT pg_catalog.set_config('search_path', '', false);
SET check_function_bodies = false;
SET xmloption = content;
SET client_min_messages = warning;
SET row_security = off;

--
-- TOC entry 4 (class 2615 OID 2200)
-- Name: public; Type: SCHEMA; Schema: -; Owner: pg_database_owner
--

CREATE SCHEMA public;


ALTER SCHEMA public OWNER TO pg_database_owner;

--
-- TOC entry 4962 (class 0 OID 0)
-- Dependencies: 4
-- Name: SCHEMA public; Type: COMMENT; Schema: -; Owner: pg_database_owner
--

COMMENT ON SCHEMA public IS 'standard public schema';


SET default_tablespace = '';

SET default_table_access_method = heap;

--
-- TOC entry 219 (class 1259 OID 29149)
-- Name: cache; Type: TABLE; Schema: public; Owner: postgres
--

CREATE TABLE public.cache (
    key character varying(255) NOT NULL,
    value text NOT NULL,
    expiration integer NOT NULL
);


ALTER TABLE public.cache OWNER TO postgres;

--
-- TOC entry 220 (class 1259 OID 29156)
-- Name: cache_locks; Type: TABLE; Schema: public; Owner: postgres
--

CREATE TABLE public.cache_locks (
    key character varying(255) NOT NULL,
    owner character varying(255) NOT NULL,
    expiration integer NOT NULL
);


ALTER TABLE public.cache_locks OWNER TO postgres;

--
-- TOC entry 227 (class 1259 OID 29193)
-- Name: cars; Type: TABLE; Schema: public; Owner: postgres
--

CREATE TABLE public.cars (
    id bigint NOT NULL,
    name character varying(255) NOT NULL,
    created_at timestamp(0) without time zone,
    updated_at timestamp(0) without time zone
);


ALTER TABLE public.cars OWNER TO postgres;

--
-- TOC entry 226 (class 1259 OID 29192)
-- Name: cars_id_seq; Type: SEQUENCE; Schema: public; Owner: postgres
--

CREATE SEQUENCE public.cars_id_seq
    START WITH 1
    INCREMENT BY 1
    NO MINVALUE
    NO MAXVALUE
    CACHE 1;


ALTER SEQUENCE public.cars_id_seq OWNER TO postgres;

--
-- TOC entry 4963 (class 0 OID 0)
-- Dependencies: 226
-- Name: cars_id_seq; Type: SEQUENCE OWNED BY; Schema: public; Owner: postgres
--

ALTER SEQUENCE public.cars_id_seq OWNED BY public.cars.id;


--
-- TOC entry 233 (class 1259 OID 29219)
-- Name: configuration_options; Type: TABLE; Schema: public; Owner: postgres
--

CREATE TABLE public.configuration_options (
    id bigint NOT NULL,
    configuration_id bigint NOT NULL,
    option_id bigint NOT NULL,
    created_at timestamp(0) without time zone,
    updated_at timestamp(0) without time zone
);


ALTER TABLE public.configuration_options OWNER TO postgres;

--
-- TOC entry 232 (class 1259 OID 29218)
-- Name: configuration_options_id_seq; Type: SEQUENCE; Schema: public; Owner: postgres
--

CREATE SEQUENCE public.configuration_options_id_seq
    START WITH 1
    INCREMENT BY 1
    NO MINVALUE
    NO MAXVALUE
    CACHE 1;


ALTER SEQUENCE public.configuration_options_id_seq OWNER TO postgres;

--
-- TOC entry 4964 (class 0 OID 0)
-- Dependencies: 232
-- Name: configuration_options_id_seq; Type: SEQUENCE OWNED BY; Schema: public; Owner: postgres
--

ALTER SEQUENCE public.configuration_options_id_seq OWNED BY public.configuration_options.id;


--
-- TOC entry 231 (class 1259 OID 29207)
-- Name: configurations; Type: TABLE; Schema: public; Owner: postgres
--

CREATE TABLE public.configurations (
    id bigint NOT NULL,
    car_id bigint NOT NULL,
    name character varying(255) NOT NULL,
    created_at timestamp(0) without time zone,
    updated_at timestamp(0) without time zone
);


ALTER TABLE public.configurations OWNER TO postgres;

--
-- TOC entry 230 (class 1259 OID 29206)
-- Name: configurations_id_seq; Type: SEQUENCE; Schema: public; Owner: postgres
--

CREATE SEQUENCE public.configurations_id_seq
    START WITH 1
    INCREMENT BY 1
    NO MINVALUE
    NO MAXVALUE
    CACHE 1;


ALTER SEQUENCE public.configurations_id_seq OWNER TO postgres;

--
-- TOC entry 4965 (class 0 OID 0)
-- Dependencies: 230
-- Name: configurations_id_seq; Type: SEQUENCE OWNED BY; Schema: public; Owner: postgres
--

ALTER SEQUENCE public.configurations_id_seq OWNED BY public.configurations.id;


--
-- TOC entry 225 (class 1259 OID 29181)
-- Name: failed_jobs; Type: TABLE; Schema: public; Owner: postgres
--

CREATE TABLE public.failed_jobs (
    id bigint NOT NULL,
    uuid character varying(255) NOT NULL,
    connection text NOT NULL,
    queue text NOT NULL,
    payload text NOT NULL,
    exception text NOT NULL,
    failed_at timestamp(0) without time zone DEFAULT CURRENT_TIMESTAMP NOT NULL
);


ALTER TABLE public.failed_jobs OWNER TO postgres;

--
-- TOC entry 224 (class 1259 OID 29180)
-- Name: failed_jobs_id_seq; Type: SEQUENCE; Schema: public; Owner: postgres
--

CREATE SEQUENCE public.failed_jobs_id_seq
    START WITH 1
    INCREMENT BY 1
    NO MINVALUE
    NO MAXVALUE
    CACHE 1;


ALTER SEQUENCE public.failed_jobs_id_seq OWNER TO postgres;

--
-- TOC entry 4966 (class 0 OID 0)
-- Dependencies: 224
-- Name: failed_jobs_id_seq; Type: SEQUENCE OWNED BY; Schema: public; Owner: postgres
--

ALTER SEQUENCE public.failed_jobs_id_seq OWNED BY public.failed_jobs.id;


--
-- TOC entry 223 (class 1259 OID 29173)
-- Name: job_batches; Type: TABLE; Schema: public; Owner: postgres
--

CREATE TABLE public.job_batches (
    id character varying(255) NOT NULL,
    name character varying(255) NOT NULL,
    total_jobs integer NOT NULL,
    pending_jobs integer NOT NULL,
    failed_jobs integer NOT NULL,
    failed_job_ids text NOT NULL,
    options text,
    cancelled_at integer,
    created_at integer NOT NULL,
    finished_at integer
);


ALTER TABLE public.job_batches OWNER TO postgres;

--
-- TOC entry 222 (class 1259 OID 29164)
-- Name: jobs; Type: TABLE; Schema: public; Owner: postgres
--

CREATE TABLE public.jobs (
    id bigint NOT NULL,
    queue character varying(255) NOT NULL,
    payload text NOT NULL,
    attempts smallint NOT NULL,
    reserved_at integer,
    available_at integer NOT NULL,
    created_at integer NOT NULL
);


ALTER TABLE public.jobs OWNER TO postgres;

--
-- TOC entry 221 (class 1259 OID 29163)
-- Name: jobs_id_seq; Type: SEQUENCE; Schema: public; Owner: postgres
--

CREATE SEQUENCE public.jobs_id_seq
    START WITH 1
    INCREMENT BY 1
    NO MINVALUE
    NO MAXVALUE
    CACHE 1;


ALTER SEQUENCE public.jobs_id_seq OWNER TO postgres;

--
-- TOC entry 4967 (class 0 OID 0)
-- Dependencies: 221
-- Name: jobs_id_seq; Type: SEQUENCE OWNED BY; Schema: public; Owner: postgres
--

ALTER SEQUENCE public.jobs_id_seq OWNED BY public.jobs.id;


--
-- TOC entry 218 (class 1259 OID 29143)
-- Name: migrations; Type: TABLE; Schema: public; Owner: postgres
--

CREATE TABLE public.migrations (
    id integer NOT NULL,
    migration character varying(255) NOT NULL,
    batch integer NOT NULL
);


ALTER TABLE public.migrations OWNER TO postgres;

--
-- TOC entry 217 (class 1259 OID 29142)
-- Name: migrations_id_seq; Type: SEQUENCE; Schema: public; Owner: postgres
--

CREATE SEQUENCE public.migrations_id_seq
    AS integer
    START WITH 1
    INCREMENT BY 1
    NO MINVALUE
    NO MAXVALUE
    CACHE 1;


ALTER SEQUENCE public.migrations_id_seq OWNER TO postgres;

--
-- TOC entry 4968 (class 0 OID 0)
-- Dependencies: 217
-- Name: migrations_id_seq; Type: SEQUENCE OWNED BY; Schema: public; Owner: postgres
--

ALTER SEQUENCE public.migrations_id_seq OWNED BY public.migrations.id;


--
-- TOC entry 229 (class 1259 OID 29200)
-- Name: options; Type: TABLE; Schema: public; Owner: postgres
--

CREATE TABLE public.options (
    id bigint NOT NULL,
    name character varying(255) NOT NULL,
    created_at timestamp(0) without time zone,
    updated_at timestamp(0) without time zone
);


ALTER TABLE public.options OWNER TO postgres;

--
-- TOC entry 228 (class 1259 OID 29199)
-- Name: options_id_seq; Type: SEQUENCE; Schema: public; Owner: postgres
--

CREATE SEQUENCE public.options_id_seq
    START WITH 1
    INCREMENT BY 1
    NO MINVALUE
    NO MAXVALUE
    CACHE 1;


ALTER SEQUENCE public.options_id_seq OWNER TO postgres;

--
-- TOC entry 4969 (class 0 OID 0)
-- Dependencies: 228
-- Name: options_id_seq; Type: SEQUENCE OWNED BY; Schema: public; Owner: postgres
--

ALTER SEQUENCE public.options_id_seq OWNED BY public.options.id;


--
-- TOC entry 237 (class 1259 OID 29248)
-- Name: personal_access_tokens; Type: TABLE; Schema: public; Owner: postgres
--

CREATE TABLE public.personal_access_tokens (
    id bigint NOT NULL,
    tokenable_type character varying(255) NOT NULL,
    tokenable_id bigint NOT NULL,
    name character varying(255) NOT NULL,
    token character varying(64) NOT NULL,
    abilities text,
    last_used_at timestamp(0) without time zone,
    expires_at timestamp(0) without time zone,
    created_at timestamp(0) without time zone,
    updated_at timestamp(0) without time zone
);


ALTER TABLE public.personal_access_tokens OWNER TO postgres;

--
-- TOC entry 236 (class 1259 OID 29247)
-- Name: personal_access_tokens_id_seq; Type: SEQUENCE; Schema: public; Owner: postgres
--

CREATE SEQUENCE public.personal_access_tokens_id_seq
    START WITH 1
    INCREMENT BY 1
    NO MINVALUE
    NO MAXVALUE
    CACHE 1;


ALTER SEQUENCE public.personal_access_tokens_id_seq OWNER TO postgres;

--
-- TOC entry 4970 (class 0 OID 0)
-- Dependencies: 236
-- Name: personal_access_tokens_id_seq; Type: SEQUENCE OWNED BY; Schema: public; Owner: postgres
--

ALTER SEQUENCE public.personal_access_tokens_id_seq OWNED BY public.personal_access_tokens.id;


--
-- TOC entry 235 (class 1259 OID 29236)
-- Name: prices; Type: TABLE; Schema: public; Owner: postgres
--

CREATE TABLE public.prices (
    id bigint NOT NULL,
    configuration_id bigint NOT NULL,
    price numeric(10,2) NOT NULL,
    start_date date NOT NULL,
    end_date date,
    created_at timestamp(0) without time zone,
    updated_at timestamp(0) without time zone
);


ALTER TABLE public.prices OWNER TO postgres;

--
-- TOC entry 234 (class 1259 OID 29235)
-- Name: prices_id_seq; Type: SEQUENCE; Schema: public; Owner: postgres
--

CREATE SEQUENCE public.prices_id_seq
    START WITH 1
    INCREMENT BY 1
    NO MINVALUE
    NO MAXVALUE
    CACHE 1;


ALTER SEQUENCE public.prices_id_seq OWNER TO postgres;

--
-- TOC entry 4971 (class 0 OID 0)
-- Dependencies: 234
-- Name: prices_id_seq; Type: SEQUENCE OWNED BY; Schema: public; Owner: postgres
--

ALTER SEQUENCE public.prices_id_seq OWNED BY public.prices.id;


--
-- TOC entry 4751 (class 2604 OID 29196)
-- Name: cars id; Type: DEFAULT; Schema: public; Owner: postgres
--

ALTER TABLE ONLY public.cars ALTER COLUMN id SET DEFAULT nextval('public.cars_id_seq'::regclass);


--
-- TOC entry 4754 (class 2604 OID 29222)
-- Name: configuration_options id; Type: DEFAULT; Schema: public; Owner: postgres
--

ALTER TABLE ONLY public.configuration_options ALTER COLUMN id SET DEFAULT nextval('public.configuration_options_id_seq'::regclass);


--
-- TOC entry 4753 (class 2604 OID 29210)
-- Name: configurations id; Type: DEFAULT; Schema: public; Owner: postgres
--

ALTER TABLE ONLY public.configurations ALTER COLUMN id SET DEFAULT nextval('public.configurations_id_seq'::regclass);


--
-- TOC entry 4749 (class 2604 OID 29184)
-- Name: failed_jobs id; Type: DEFAULT; Schema: public; Owner: postgres
--

ALTER TABLE ONLY public.failed_jobs ALTER COLUMN id SET DEFAULT nextval('public.failed_jobs_id_seq'::regclass);


--
-- TOC entry 4748 (class 2604 OID 29167)
-- Name: jobs id; Type: DEFAULT; Schema: public; Owner: postgres
--

ALTER TABLE ONLY public.jobs ALTER COLUMN id SET DEFAULT nextval('public.jobs_id_seq'::regclass);


--
-- TOC entry 4747 (class 2604 OID 29146)
-- Name: migrations id; Type: DEFAULT; Schema: public; Owner: postgres
--

ALTER TABLE ONLY public.migrations ALTER COLUMN id SET DEFAULT nextval('public.migrations_id_seq'::regclass);


--
-- TOC entry 4752 (class 2604 OID 29203)
-- Name: options id; Type: DEFAULT; Schema: public; Owner: postgres
--

ALTER TABLE ONLY public.options ALTER COLUMN id SET DEFAULT nextval('public.options_id_seq'::regclass);


--
-- TOC entry 4756 (class 2604 OID 29251)
-- Name: personal_access_tokens id; Type: DEFAULT; Schema: public; Owner: postgres
--

ALTER TABLE ONLY public.personal_access_tokens ALTER COLUMN id SET DEFAULT nextval('public.personal_access_tokens_id_seq'::regclass);


--
-- TOC entry 4755 (class 2604 OID 29239)
-- Name: prices id; Type: DEFAULT; Schema: public; Owner: postgres
--

ALTER TABLE ONLY public.prices ALTER COLUMN id SET DEFAULT nextval('public.prices_id_seq'::regclass);


--
-- TOC entry 4938 (class 0 OID 29149)
-- Dependencies: 219
-- Data for Name: cache; Type: TABLE DATA; Schema: public; Owner: postgres
--

COPY public.cache (key, value, expiration) FROM stdin;
laravel_cache_cars_available	TzozOToiSWxsdW1pbmF0ZVxEYXRhYmFzZVxFbG9xdWVudFxDb2xsZWN0aW9uIjoyOntzOjg6IgAqAGl0ZW1zIjthOjI6e2k6MDtPOjE0OiJBcHBcTW9kZWxzXENhciI6MzE6e3M6MTM6IgAqAGNvbm5lY3Rpb24iO3M6NToicGdzcWwiO3M6ODoiACoAdGFibGUiO3M6NDoiY2FycyI7czoxMzoiACoAcHJpbWFyeUtleSI7czoyOiJpZCI7czoxMDoiACoAa2V5VHlwZSI7czozOiJpbnQiO3M6MTI6ImluY3JlbWVudGluZyI7YjoxO3M6NzoiACoAd2l0aCI7YTowOnt9czoxMjoiACoAd2l0aENvdW50IjthOjA6e31zOjE5OiJwcmV2ZW50c0xhenlMb2FkaW5nIjtiOjA7czoxMDoiACoAcGVyUGFnZSI7aToxNTtzOjY6ImV4aXN0cyI7YjoxO3M6MTg6Indhc1JlY2VudGx5Q3JlYXRlZCI7YjowO3M6Mjg6IgAqAGVzY2FwZVdoZW5DYXN0aW5nVG9TdHJpbmciO2I6MDtzOjEzOiIAKgBhdHRyaWJ1dGVzIjthOjQ6e3M6MjoiaWQiO2k6MTtzOjQ6Im5hbWUiO3M6MjE6ItCb0LDQtNCwINCf0YDQuNC+0YDQsCI7czoxMDoiY3JlYXRlZF9hdCI7czoxOToiMjAyNS0wNC0xMSAwNDoxMzo1OCI7czoxMDoidXBkYXRlZF9hdCI7czoxOToiMjAyNS0wNC0xMSAwNDoxMzo1OCI7fXM6MTE6IgAqAG9yaWdpbmFsIjthOjQ6e3M6MjoiaWQiO2k6MTtzOjQ6Im5hbWUiO3M6MjE6ItCb0LDQtNCwINCf0YDQuNC+0YDQsCI7czoxMDoiY3JlYXRlZF9hdCI7czoxOToiMjAyNS0wNC0xMSAwNDoxMzo1OCI7czoxMDoidXBkYXRlZF9hdCI7czoxOToiMjAyNS0wNC0xMSAwNDoxMzo1OCI7fXM6MTA6IgAqAGNoYW5nZXMiO2E6MDp7fXM6ODoiACoAY2FzdHMiO2E6MDp7fXM6MTc6IgAqAGNsYXNzQ2FzdENhY2hlIjthOjA6e31zOjIxOiIAKgBhdHRyaWJ1dGVDYXN0Q2FjaGUiO2E6MDp7fXM6MTM6IgAqAGRhdGVGb3JtYXQiO047czoxMDoiACoAYXBwZW5kcyI7YTowOnt9czoxOToiACoAZGlzcGF0Y2hlc0V2ZW50cyI7YTowOnt9czoxNDoiACoAb2JzZXJ2YWJsZXMiO2E6MDp7fXM6MTI6IgAqAHJlbGF0aW9ucyI7YToxOntzOjE0OiJjb25maWd1cmF0aW9ucyI7TzozOToiSWxsdW1pbmF0ZVxEYXRhYmFzZVxFbG9xdWVudFxDb2xsZWN0aW9uIjoyOntzOjg6IgAqAGl0ZW1zIjthOjI6e2k6MDtPOjI0OiJBcHBcTW9kZWxzXENvbmZpZ3VyYXRpb24iOjMxOntzOjEzOiIAKgBjb25uZWN0aW9uIjtzOjU6InBnc3FsIjtzOjg6IgAqAHRhYmxlIjtzOjE0OiJjb25maWd1cmF0aW9ucyI7czoxMzoiACoAcHJpbWFyeUtleSI7czoyOiJpZCI7czoxMDoiACoAa2V5VHlwZSI7czozOiJpbnQiO3M6MTI6ImluY3JlbWVudGluZyI7YjoxO3M6NzoiACoAd2l0aCI7YTowOnt9czoxMjoiACoAd2l0aENvdW50IjthOjA6e31zOjE5OiJwcmV2ZW50c0xhenlMb2FkaW5nIjtiOjA7czoxMDoiACoAcGVyUGFnZSI7aToxNTtzOjY6ImV4aXN0cyI7YjoxO3M6MTg6Indhc1JlY2VudGx5Q3JlYXRlZCI7YjowO3M6Mjg6IgAqAGVzY2FwZVdoZW5DYXN0aW5nVG9TdHJpbmciO2I6MDtzOjEzOiIAKgBhdHRyaWJ1dGVzIjthOjU6e3M6MjoiaWQiO2k6MTtzOjY6ImNhcl9pZCI7aToxO3M6NDoibmFtZSI7czoxNDoi0JrQvtC80YTQvtGA0YIiO3M6MTA6ImNyZWF0ZWRfYXQiO3M6MTk6IjIwMjUtMDQtMTEgMDQ6MTM6NTgiO3M6MTA6InVwZGF0ZWRfYXQiO3M6MTk6IjIwMjUtMDQtMTEgMDQ6MTM6NTgiO31zOjExOiIAKgBvcmlnaW5hbCI7YTo1OntzOjI6ImlkIjtpOjE7czo2OiJjYXJfaWQiO2k6MTtzOjQ6Im5hbWUiO3M6MTQ6ItCa0L7QvNGE0L7RgNGCIjtzOjEwOiJjcmVhdGVkX2F0IjtzOjE5OiIyMDI1LTA0LTExIDA0OjEzOjU4IjtzOjEwOiJ1cGRhdGVkX2F0IjtzOjE5OiIyMDI1LTA0LTExIDA0OjEzOjU4Ijt9czoxMDoiACoAY2hhbmdlcyI7YTowOnt9czo4OiIAKgBjYXN0cyI7YTowOnt9czoxNzoiACoAY2xhc3NDYXN0Q2FjaGUiO2E6MDp7fXM6MjE6IgAqAGF0dHJpYnV0ZUNhc3RDYWNoZSI7YTowOnt9czoxMzoiACoAZGF0ZUZvcm1hdCI7TjtzOjEwOiIAKgBhcHBlbmRzIjthOjA6e31zOjE5OiIAKgBkaXNwYXRjaGVzRXZlbnRzIjthOjA6e31zOjE0OiIAKgBvYnNlcnZhYmxlcyI7YTowOnt9czoxMjoiACoAcmVsYXRpb25zIjthOjI6e3M6Nzoib3B0aW9ucyI7TzozOToiSWxsdW1pbmF0ZVxEYXRhYmFzZVxFbG9xdWVudFxDb2xsZWN0aW9uIjoyOntzOjg6IgAqAGl0ZW1zIjthOjI6e2k6MDtPOjE3OiJBcHBcTW9kZWxzXE9wdGlvbiI6MzE6e3M6MTM6IgAqAGNvbm5lY3Rpb24iO3M6NToicGdzcWwiO3M6ODoiACoAdGFibGUiO3M6Nzoib3B0aW9ucyI7czoxMzoiACoAcHJpbWFyeUtleSI7czoyOiJpZCI7czoxMDoiACoAa2V5VHlwZSI7czozOiJpbnQiO3M6MTI6ImluY3JlbWVudGluZyI7YjoxO3M6NzoiACoAd2l0aCI7YTowOnt9czoxMjoiACoAd2l0aENvdW50IjthOjA6e31zOjE5OiJwcmV2ZW50c0xhenlMb2FkaW5nIjtiOjA7czoxMDoiACoAcGVyUGFnZSI7aToxNTtzOjY6ImV4aXN0cyI7YjoxO3M6MTg6Indhc1JlY2VudGx5Q3JlYXRlZCI7YjowO3M6Mjg6IgAqAGVzY2FwZVdoZW5DYXN0aW5nVG9TdHJpbmciO2I6MDtzOjEzOiIAKgBhdHRyaWJ1dGVzIjthOjQ6e3M6MjoiaWQiO2k6MTtzOjQ6Im5hbWUiO3M6Mjk6ItCa0LvQuNC80LDRgiDQutC+0L3RgtGA0L7Qu9GMIjtzOjEwOiJjcmVhdGVkX2F0IjtzOjE5OiIyMDI1LTA0LTExIDA0OjEzOjU4IjtzOjEwOiJ1cGRhdGVkX2F0IjtzOjE5OiIyMDI1LTA0LTExIDA0OjEzOjU4Ijt9czoxMToiACoAb3JpZ2luYWwiO2E6Njp7czoyOiJpZCI7aToxO3M6NDoibmFtZSI7czoyOToi0JrQu9C40LzQsNGCINC60L7QvdGC0YDQvtC70YwiO3M6MTA6ImNyZWF0ZWRfYXQiO3M6MTk6IjIwMjUtMDQtMTEgMDQ6MTM6NTgiO3M6MTA6InVwZGF0ZWRfYXQiO3M6MTk6IjIwMjUtMDQtMTEgMDQ6MTM6NTgiO3M6MjI6InBpdm90X2NvbmZpZ3VyYXRpb25faWQiO2k6MTtzOjE1OiJwaXZvdF9vcHRpb25faWQiO2k6MTt9czoxMDoiACoAY2hhbmdlcyI7YTowOnt9czo4OiIAKgBjYXN0cyI7YTowOnt9czoxNzoiACoAY2xhc3NDYXN0Q2FjaGUiO2E6MDp7fXM6MjE6IgAqAGF0dHJpYnV0ZUNhc3RDYWNoZSI7YTowOnt9czoxMzoiACoAZGF0ZUZvcm1hdCI7TjtzOjEwOiIAKgBhcHBlbmRzIjthOjA6e31zOjE5OiIAKgBkaXNwYXRjaGVzRXZlbnRzIjthOjA6e31zOjE0OiIAKgBvYnNlcnZhYmxlcyI7YTowOnt9czoxMjoiACoAcmVsYXRpb25zIjthOjE6e3M6NToicGl2b3QiO086NDQ6IklsbHVtaW5hdGVcRGF0YWJhc2VcRWxvcXVlbnRcUmVsYXRpb25zXFBpdm90IjozNTp7czoxMzoiACoAY29ubmVjdGlvbiI7TjtzOjg6IgAqAHRhYmxlIjtzOjIxOiJjb25maWd1cmF0aW9uX29wdGlvbnMiO3M6MTM6IgAqAHByaW1hcnlLZXkiO3M6MjoiaWQiO3M6MTA6IgAqAGtleVR5cGUiO3M6MzoiaW50IjtzOjEyOiJpbmNyZW1lbnRpbmciO2I6MDtzOjc6IgAqAHdpdGgiO2E6MDp7fXM6MTI6IgAqAHdpdGhDb3VudCI7YTowOnt9czoxOToicHJldmVudHNMYXp5TG9hZGluZyI7YjowO3M6MTA6IgAqAHBlclBhZ2UiO2k6MTU7czo2OiJleGlzdHMiO2I6MTtzOjE4OiJ3YXNSZWNlbnRseUNyZWF0ZWQiO2I6MDtzOjI4OiIAKgBlc2NhcGVXaGVuQ2FzdGluZ1RvU3RyaW5nIjtiOjA7czoxMzoiACoAYXR0cmlidXRlcyI7YToyOntzOjE2OiJjb25maWd1cmF0aW9uX2lkIjtpOjE7czo5OiJvcHRpb25faWQiO2k6MTt9czoxMToiACoAb3JpZ2luYWwiO2E6Mjp7czoxNjoiY29uZmlndXJhdGlvbl9pZCI7aToxO3M6OToib3B0aW9uX2lkIjtpOjE7fXM6MTA6IgAqAGNoYW5nZXMiO2E6MDp7fXM6ODoiACoAY2FzdHMiO2E6MDp7fXM6MTc6IgAqAGNsYXNzQ2FzdENhY2hlIjthOjA6e31zOjIxOiIAKgBhdHRyaWJ1dGVDYXN0Q2FjaGUiO2E6MDp7fXM6MTM6IgAqAGRhdGVGb3JtYXQiO047czoxMDoiACoAYXBwZW5kcyI7YTowOnt9czoxOToiACoAZGlzcGF0Y2hlc0V2ZW50cyI7YTowOnt9czoxNDoiACoAb2JzZXJ2YWJsZXMiO2E6MDp7fXM6MTI6IgAqAHJlbGF0aW9ucyI7YTowOnt9czoxMDoiACoAdG91Y2hlcyI7YTowOnt9czoyNzoiACoAcmVsYXRpb25BdXRvbG9hZENhbGxiYWNrIjtOO3M6MTA6InRpbWVzdGFtcHMiO2I6MDtzOjEzOiJ1c2VzVW5pcXVlSWRzIjtiOjA7czo5OiIAKgBoaWRkZW4iO2E6MDp7fXM6MTA6IgAqAHZpc2libGUiO2E6MDp7fXM6MTE6IgAqAGZpbGxhYmxlIjthOjA6e31zOjEwOiIAKgBndWFyZGVkIjthOjA6e31zOjExOiJwaXZvdFBhcmVudCI7TzoyNDoiQXBwXE1vZGVsc1xDb25maWd1cmF0aW9uIjozMTp7czoxMzoiACoAY29ubmVjdGlvbiI7TjtzOjg6IgAqAHRhYmxlIjtzOjE0OiJjb25maWd1cmF0aW9ucyI7czoxMzoiACoAcHJpbWFyeUtleSI7czoyOiJpZCI7czoxMDoiACoAa2V5VHlwZSI7czozOiJpbnQiO3M6MTI6ImluY3JlbWVudGluZyI7YjoxO3M6NzoiACoAd2l0aCI7YTowOnt9czoxMjoiACoAd2l0aENvdW50IjthOjA6e31zOjE5OiJwcmV2ZW50c0xhenlMb2FkaW5nIjtiOjA7czoxMDoiACoAcGVyUGFnZSI7aToxNTtzOjY6ImV4aXN0cyI7YjowO3M6MTg6Indhc1JlY2VudGx5Q3JlYXRlZCI7YjowO3M6Mjg6IgAqAGVzY2FwZVdoZW5DYXN0aW5nVG9TdHJpbmciO2I6MDtzOjEzOiIAKgBhdHRyaWJ1dGVzIjthOjA6e31zOjExOiIAKgBvcmlnaW5hbCI7YTowOnt9czoxMDoiACoAY2hhbmdlcyI7YTowOnt9czo4OiIAKgBjYXN0cyI7YTowOnt9czoxNzoiACoAY2xhc3NDYXN0Q2FjaGUiO2E6MDp7fXM6MjE6IgAqAGF0dHJpYnV0ZUNhc3RDYWNoZSI7YTowOnt9czoxMzoiACoAZGF0ZUZvcm1hdCI7TjtzOjEwOiIAKgBhcHBlbmRzIjthOjA6e31zOjE5OiIAKgBkaXNwYXRjaGVzRXZlbnRzIjthOjA6e31zOjE0OiIAKgBvYnNlcnZhYmxlcyI7YTowOnt9czoxMjoiACoAcmVsYXRpb25zIjthOjA6e31zOjEwOiIAKgB0b3VjaGVzIjthOjA6e31zOjI3OiIAKgByZWxhdGlvbkF1dG9sb2FkQ2FsbGJhY2siO047czoxMDoidGltZXN0YW1wcyI7YjoxO3M6MTM6InVzZXNVbmlxdWVJZHMiO2I6MDtzOjk6IgAqAGhpZGRlbiI7YTowOnt9czoxMDoiACoAdmlzaWJsZSI7YTowOnt9czoxMToiACoAZmlsbGFibGUiO2E6Mjp7aTowO3M6NjoiY2FyX2lkIjtpOjE7czo0OiJuYW1lIjt9czoxMDoiACoAZ3VhcmRlZCI7YToxOntpOjA7czoxOiIqIjt9fXM6MTI6InBpdm90UmVsYXRlZCI7TzoxNzoiQXBwXE1vZGVsc1xPcHRpb24iOjMxOntzOjEzOiIAKgBjb25uZWN0aW9uIjtOO3M6ODoiACoAdGFibGUiO047czoxMzoiACoAcHJpbWFyeUtleSI7czoyOiJpZCI7czoxMDoiACoAa2V5VHlwZSI7czozOiJpbnQiO3M6MTI6ImluY3JlbWVudGluZyI7YjoxO3M6NzoiACoAd2l0aCI7YTowOnt9czoxMjoiACoAd2l0aENvdW50IjthOjA6e31zOjE5OiJwcmV2ZW50c0xhenlMb2FkaW5nIjtiOjA7czoxMDoiACoAcGVyUGFnZSI7aToxNTtzOjY6ImV4aXN0cyI7YjowO3M6MTg6Indhc1JlY2VudGx5Q3JlYXRlZCI7YjowO3M6Mjg6IgAqAGVzY2FwZVdoZW5DYXN0aW5nVG9TdHJpbmciO2I6MDtzOjEzOiIAKgBhdHRyaWJ1dGVzIjthOjA6e31zOjExOiIAKgBvcmlnaW5hbCI7YTowOnt9czoxMDoiACoAY2hhbmdlcyI7YTowOnt9czo4OiIAKgBjYXN0cyI7YTowOnt9czoxNzoiACoAY2xhc3NDYXN0Q2FjaGUiO2E6MDp7fXM6MjE6IgAqAGF0dHJpYnV0ZUNhc3RDYWNoZSI7YTowOnt9czoxMzoiACoAZGF0ZUZvcm1hdCI7TjtzOjEwOiIAKgBhcHBlbmRzIjthOjA6e31zOjE5OiIAKgBkaXNwYXRjaGVzRXZlbnRzIjthOjA6e31zOjE0OiIAKgBvYnNlcnZhYmxlcyI7YTowOnt9czoxMjoiACoAcmVsYXRpb25zIjthOjA6e31zOjEwOiIAKgB0b3VjaGVzIjthOjA6e31zOjI3OiIAKgByZWxhdGlvbkF1dG9sb2FkQ2FsbGJhY2siO047czoxMDoidGltZXN0YW1wcyI7YjoxO3M6MTM6InVzZXNVbmlxdWVJZHMiO2I6MDtzOjk6IgAqAGhpZGRlbiI7YTowOnt9czoxMDoiACoAdmlzaWJsZSI7YTowOnt9czoxMToiACoAZmlsbGFibGUiO2E6MTp7aTowO3M6NDoibmFtZSI7fXM6MTA6IgAqAGd1YXJkZWQiO2E6MTp7aTowO3M6MToiKiI7fX1zOjEzOiIAKgBmb3JlaWduS2V5IjtzOjE2OiJjb25maWd1cmF0aW9uX2lkIjtzOjEzOiIAKgByZWxhdGVkS2V5IjtzOjk6Im9wdGlvbl9pZCI7fX1zOjEwOiIAKgB0b3VjaGVzIjthOjA6e31zOjI3OiIAKgByZWxhdGlvbkF1dG9sb2FkQ2FsbGJhY2siO047czoxMDoidGltZXN0YW1wcyI7YjoxO3M6MTM6InVzZXNVbmlxdWVJZHMiO2I6MDtzOjk6IgAqAGhpZGRlbiI7YTowOnt9czoxMDoiACoAdmlzaWJsZSI7YTowOnt9czoxMToiACoAZmlsbGFibGUiO2E6MTp7aTowO3M6NDoibmFtZSI7fXM6MTA6IgAqAGd1YXJkZWQiO2E6MTp7aTowO3M6MToiKiI7fX1pOjE7TzoxNzoiQXBwXE1vZGVsc1xPcHRpb24iOjMxOntzOjEzOiIAKgBjb25uZWN0aW9uIjtzOjU6InBnc3FsIjtzOjg6IgAqAHRhYmxlIjtzOjc6Im9wdGlvbnMiO3M6MTM6IgAqAHByaW1hcnlLZXkiO3M6MjoiaWQiO3M6MTA6IgAqAGtleVR5cGUiO3M6MzoiaW50IjtzOjEyOiJpbmNyZW1lbnRpbmciO2I6MTtzOjc6IgAqAHdpdGgiO2E6MDp7fXM6MTI6IgAqAHdpdGhDb3VudCI7YTowOnt9czoxOToicHJldmVudHNMYXp5TG9hZGluZyI7YjowO3M6MTA6IgAqAHBlclBhZ2UiO2k6MTU7czo2OiJleGlzdHMiO2I6MTtzOjE4OiJ3YXNSZWNlbnRseUNyZWF0ZWQiO2I6MDtzOjI4OiIAKgBlc2NhcGVXaGVuQ2FzdGluZ1RvU3RyaW5nIjtiOjA7czoxMzoiACoAYXR0cmlidXRlcyI7YTo0OntzOjI6ImlkIjtpOjI7czo0OiJuYW1lIjtzOjI1OiLQm9Cw0LfQtdGA0L3Ri9C1INGE0LDRgNGLIjtzOjEwOiJjcmVhdGVkX2F0IjtzOjE5OiIyMDI1LTA0LTExIDA0OjEzOjU4IjtzOjEwOiJ1cGRhdGVkX2F0IjtzOjE5OiIyMDI1LTA0LTExIDA0OjEzOjU4Ijt9czoxMToiACoAb3JpZ2luYWwiO2E6Njp7czoyOiJpZCI7aToyO3M6NDoibmFtZSI7czoyNToi0JvQsNC30LXRgNC90YvQtSDRhNCw0YDRiyI7czoxMDoiY3JlYXRlZF9hdCI7czoxOToiMjAyNS0wNC0xMSAwNDoxMzo1OCI7czoxMDoidXBkYXRlZF9hdCI7czoxOToiMjAyNS0wNC0xMSAwNDoxMzo1OCI7czoyMjoicGl2b3RfY29uZmlndXJhdGlvbl9pZCI7aToxO3M6MTU6InBpdm90X29wdGlvbl9pZCI7aToyO31zOjEwOiIAKgBjaGFuZ2VzIjthOjA6e31zOjg6IgAqAGNhc3RzIjthOjA6e31zOjE3OiIAKgBjbGFzc0Nhc3RDYWNoZSI7YTowOnt9czoyMToiACoAYXR0cmlidXRlQ2FzdENhY2hlIjthOjA6e31zOjEzOiIAKgBkYXRlRm9ybWF0IjtOO3M6MTA6IgAqAGFwcGVuZHMiO2E6MDp7fXM6MTk6IgAqAGRpc3BhdGNoZXNFdmVudHMiO2E6MDp7fXM6MTQ6IgAqAG9ic2VydmFibGVzIjthOjA6e31zOjEyOiIAKgByZWxhdGlvbnMiO2E6MTp7czo1OiJwaXZvdCI7Tzo0NDoiSWxsdW1pbmF0ZVxEYXRhYmFzZVxFbG9xdWVudFxSZWxhdGlvbnNcUGl2b3QiOjM1OntzOjEzOiIAKgBjb25uZWN0aW9uIjtOO3M6ODoiACoAdGFibGUiO3M6MjE6ImNvbmZpZ3VyYXRpb25fb3B0aW9ucyI7czoxMzoiACoAcHJpbWFyeUtleSI7czoyOiJpZCI7czoxMDoiACoAa2V5VHlwZSI7czozOiJpbnQiO3M6MTI6ImluY3JlbWVudGluZyI7YjowO3M6NzoiACoAd2l0aCI7YTowOnt9czoxMjoiACoAd2l0aENvdW50IjthOjA6e31zOjE5OiJwcmV2ZW50c0xhenlMb2FkaW5nIjtiOjA7czoxMDoiACoAcGVyUGFnZSI7aToxNTtzOjY6ImV4aXN0cyI7YjoxO3M6MTg6Indhc1JlY2VudGx5Q3JlYXRlZCI7YjowO3M6Mjg6IgAqAGVzY2FwZVdoZW5DYXN0aW5nVG9TdHJpbmciO2I6MDtzOjEzOiIAKgBhdHRyaWJ1dGVzIjthOjI6e3M6MTY6ImNvbmZpZ3VyYXRpb25faWQiO2k6MTtzOjk6Im9wdGlvbl9pZCI7aToyO31zOjExOiIAKgBvcmlnaW5hbCI7YToyOntzOjE2OiJjb25maWd1cmF0aW9uX2lkIjtpOjE7czo5OiJvcHRpb25faWQiO2k6Mjt9czoxMDoiACoAY2hhbmdlcyI7YTowOnt9czo4OiIAKgBjYXN0cyI7YTowOnt9czoxNzoiACoAY2xhc3NDYXN0Q2FjaGUiO2E6MDp7fXM6MjE6IgAqAGF0dHJpYnV0ZUNhc3RDYWNoZSI7YTowOnt9czoxMzoiACoAZGF0ZUZvcm1hdCI7TjtzOjEwOiIAKgBhcHBlbmRzIjthOjA6e31zOjE5OiIAKgBkaXNwYXRjaGVzRXZlbnRzIjthOjA6e31zOjE0OiIAKgBvYnNlcnZhYmxlcyI7YTowOnt9czoxMjoiACoAcmVsYXRpb25zIjthOjA6e31zOjEwOiIAKgB0b3VjaGVzIjthOjA6e31zOjI3OiIAKgByZWxhdGlvbkF1dG9sb2FkQ2FsbGJhY2siO047czoxMDoidGltZXN0YW1wcyI7YjowO3M6MTM6InVzZXNVbmlxdWVJZHMiO2I6MDtzOjk6IgAqAGhpZGRlbiI7YTowOnt9czoxMDoiACoAdmlzaWJsZSI7YTowOnt9czoxMToiACoAZmlsbGFibGUiO2E6MDp7fXM6MTA6IgAqAGd1YXJkZWQiO2E6MDp7fXM6MTE6InBpdm90UGFyZW50IjtyOjE0MztzOjEyOiJwaXZvdFJlbGF0ZWQiO3I6MTc4O3M6MTM6IgAqAGZvcmVpZ25LZXkiO3M6MTY6ImNvbmZpZ3VyYXRpb25faWQiO3M6MTM6IgAqAHJlbGF0ZWRLZXkiO3M6OToib3B0aW9uX2lkIjt9fXM6MTA6IgAqAHRvdWNoZXMiO2E6MDp7fXM6Mjc6IgAqAHJlbGF0aW9uQXV0b2xvYWRDYWxsYmFjayI7TjtzOjEwOiJ0aW1lc3RhbXBzIjtiOjE7czoxMzoidXNlc1VuaXF1ZUlkcyI7YjowO3M6OToiACoAaGlkZGVuIjthOjA6e31zOjEwOiIAKgB2aXNpYmxlIjthOjA6e31zOjExOiIAKgBmaWxsYWJsZSI7YToxOntpOjA7czo0OiJuYW1lIjt9czoxMDoiACoAZ3VhcmRlZCI7YToxOntpOjA7czoxOiIqIjt9fX1zOjI4OiIAKgBlc2NhcGVXaGVuQ2FzdGluZ1RvU3RyaW5nIjtiOjA7fXM6MTI6ImN1cnJlbnRQcmljZSI7TzoxNjoiQXBwXE1vZGVsc1xQcmljZSI6MzE6e3M6MTM6IgAqAGNvbm5lY3Rpb24iO3M6NToicGdzcWwiO3M6ODoiACoAdGFibGUiO3M6NjoicHJpY2VzIjtzOjEzOiIAKgBwcmltYXJ5S2V5IjtzOjI6ImlkIjtzOjEwOiIAKgBrZXlUeXBlIjtzOjM6ImludCI7czoxMjoiaW5jcmVtZW50aW5nIjtiOjE7czo3OiIAKgB3aXRoIjthOjA6e31zOjEyOiIAKgB3aXRoQ291bnQiO2E6MDp7fXM6MTk6InByZXZlbnRzTGF6eUxvYWRpbmciO2I6MDtzOjEwOiIAKgBwZXJQYWdlIjtpOjE1O3M6NjoiZXhpc3RzIjtiOjE7czoxODoid2FzUmVjZW50bHlDcmVhdGVkIjtiOjA7czoyODoiACoAZXNjYXBlV2hlbkNhc3RpbmdUb1N0cmluZyI7YjowO3M6MTM6IgAqAGF0dHJpYnV0ZXMiO2E6Nzp7czoyOiJpZCI7aToxO3M6MTY6ImNvbmZpZ3VyYXRpb25faWQiO2k6MTtzOjU6InByaWNlIjtzOjEwOiIxMjAwMDAwLjAwIjtzOjEwOiJzdGFydF9kYXRlIjtzOjEwOiIyMDI1LTAzLTExIjtzOjg6ImVuZF9kYXRlIjtzOjEwOiIyMDI1LTA1LTExIjtzOjEwOiJjcmVhdGVkX2F0IjtzOjE5OiIyMDI1LTA0LTExIDA0OjEzOjU4IjtzOjEwOiJ1cGRhdGVkX2F0IjtzOjE5OiIyMDI1LTA0LTExIDA0OjEzOjU4Ijt9czoxMToiACoAb3JpZ2luYWwiO2E6Nzp7czoyOiJpZCI7aToxO3M6MTY6ImNvbmZpZ3VyYXRpb25faWQiO2k6MTtzOjU6InByaWNlIjtzOjEwOiIxMjAwMDAwLjAwIjtzOjEwOiJzdGFydF9kYXRlIjtzOjEwOiIyMDI1LTAzLTExIjtzOjg6ImVuZF9kYXRlIjtzOjEwOiIyMDI1LTA1LTExIjtzOjEwOiJjcmVhdGVkX2F0IjtzOjE5OiIyMDI1LTA0LTExIDA0OjEzOjU4IjtzOjEwOiJ1cGRhdGVkX2F0IjtzOjE5OiIyMDI1LTA0LTExIDA0OjEzOjU4Ijt9czoxMDoiACoAY2hhbmdlcyI7YTowOnt9czo4OiIAKgBjYXN0cyI7YTowOnt9czoxNzoiACoAY2xhc3NDYXN0Q2FjaGUiO2E6MDp7fXM6MjE6IgAqAGF0dHJpYnV0ZUNhc3RDYWNoZSI7YTowOnt9czoxMzoiACoAZGF0ZUZvcm1hdCI7TjtzOjEwOiIAKgBhcHBlbmRzIjthOjA6e31zOjE5OiIAKgBkaXNwYXRjaGVzRXZlbnRzIjthOjA6e31zOjE0OiIAKgBvYnNlcnZhYmxlcyI7YTowOnt9czoxMjoiACoAcmVsYXRpb25zIjthOjA6e31zOjEwOiIAKgB0b3VjaGVzIjthOjA6e31zOjI3OiIAKgByZWxhdGlvbkF1dG9sb2FkQ2FsbGJhY2siO047czoxMDoidGltZXN0YW1wcyI7YjoxO3M6MTM6InVzZXNVbmlxdWVJZHMiO2I6MDtzOjk6IgAqAGhpZGRlbiI7YTowOnt9czoxMDoiACoAdmlzaWJsZSI7YTowOnt9czoxMToiACoAZmlsbGFibGUiO2E6NDp7aTowO3M6MTY6ImNvbmZpZ3VyYXRpb25faWQiO2k6MTtzOjU6InByaWNlIjtpOjI7czoxMDoic3RhcnRfZGF0ZSI7aTozO3M6ODoiZW5kX2RhdGUiO31zOjEwOiIAKgBndWFyZGVkIjthOjE6e2k6MDtzOjE6IioiO319fXM6MTA6IgAqAHRvdWNoZXMiO2E6MDp7fXM6Mjc6IgAqAHJlbGF0aW9uQXV0b2xvYWRDYWxsYmFjayI7TjtzOjEwOiJ0aW1lc3RhbXBzIjtiOjE7czoxMzoidXNlc1VuaXF1ZUlkcyI7YjowO3M6OToiACoAaGlkZGVuIjthOjA6e31zOjEwOiIAKgB2aXNpYmxlIjthOjA6e31zOjExOiIAKgBmaWxsYWJsZSI7YToyOntpOjA7czo2OiJjYXJfaWQiO2k6MTtzOjQ6Im5hbWUiO31zOjEwOiIAKgBndWFyZGVkIjthOjE6e2k6MDtzOjE6IioiO319aToxO086MjQ6IkFwcFxNb2RlbHNcQ29uZmlndXJhdGlvbiI6MzE6e3M6MTM6IgAqAGNvbm5lY3Rpb24iO3M6NToicGdzcWwiO3M6ODoiACoAdGFibGUiO3M6MTQ6ImNvbmZpZ3VyYXRpb25zIjtzOjEzOiIAKgBwcmltYXJ5S2V5IjtzOjI6ImlkIjtzOjEwOiIAKgBrZXlUeXBlIjtzOjM6ImludCI7czoxMjoiaW5jcmVtZW50aW5nIjtiOjE7czo3OiIAKgB3aXRoIjthOjA6e31zOjEyOiIAKgB3aXRoQ291bnQiO2E6MDp7fXM6MTk6InByZXZlbnRzTGF6eUxvYWRpbmciO2I6MDtzOjEwOiIAKgBwZXJQYWdlIjtpOjE1O3M6NjoiZXhpc3RzIjtiOjE7czoxODoid2FzUmVjZW50bHlDcmVhdGVkIjtiOjA7czoyODoiACoAZXNjYXBlV2hlbkNhc3RpbmdUb1N0cmluZyI7YjowO3M6MTM6IgAqAGF0dHJpYnV0ZXMiO2E6NTp7czoyOiJpZCI7aToyO3M6NjoiY2FyX2lkIjtpOjE7czo0OiJuYW1lIjtzOjE0OiLQn9GA0LXQvNC40YPQvCI7czoxMDoiY3JlYXRlZF9hdCI7czoxOToiMjAyNS0wNC0xMSAwNDoxMzo1OCI7czoxMDoidXBkYXRlZF9hdCI7czoxOToiMjAyNS0wNC0xMSAwNDoxMzo1OCI7fXM6MTE6IgAqAG9yaWdpbmFsIjthOjU6e3M6MjoiaWQiO2k6MjtzOjY6ImNhcl9pZCI7aToxO3M6NDoibmFtZSI7czoxNDoi0J/RgNC10LzQuNGD0LwiO3M6MTA6ImNyZWF0ZWRfYXQiO3M6MTk6IjIwMjUtMDQtMTEgMDQ6MTM6NTgiO3M6MTA6InVwZGF0ZWRfYXQiO3M6MTk6IjIwMjUtMDQtMTEgMDQ6MTM6NTgiO31zOjEwOiIAKgBjaGFuZ2VzIjthOjA6e31zOjg6IgAqAGNhc3RzIjthOjA6e31zOjE3OiIAKgBjbGFzc0Nhc3RDYWNoZSI7YTowOnt9czoyMToiACoAYXR0cmlidXRlQ2FzdENhY2hlIjthOjA6e31zOjEzOiIAKgBkYXRlRm9ybWF0IjtOO3M6MTA6IgAqAGFwcGVuZHMiO2E6MDp7fXM6MTk6IgAqAGRpc3BhdGNoZXNFdmVudHMiO2E6MDp7fXM6MTQ6IgAqAG9ic2VydmFibGVzIjthOjA6e31zOjEyOiIAKgByZWxhdGlvbnMiO2E6Mjp7czo3OiJvcHRpb25zIjtPOjM5OiJJbGx1bWluYXRlXERhdGFiYXNlXEVsb3F1ZW50XENvbGxlY3Rpb24iOjI6e3M6ODoiACoAaXRlbXMiO2E6Mzp7aTowO086MTc6IkFwcFxNb2RlbHNcT3B0aW9uIjozMTp7czoxMzoiACoAY29ubmVjdGlvbiI7czo1OiJwZ3NxbCI7czo4OiIAKgB0YWJsZSI7czo3OiJvcHRpb25zIjtzOjEzOiIAKgBwcmltYXJ5S2V5IjtzOjI6ImlkIjtzOjEwOiIAKgBrZXlUeXBlIjtzOjM6ImludCI7czoxMjoiaW5jcmVtZW50aW5nIjtiOjE7czo3OiIAKgB3aXRoIjthOjA6e31zOjEyOiIAKgB3aXRoQ291bnQiO2E6MDp7fXM6MTk6InByZXZlbnRzTGF6eUxvYWRpbmciO2I6MDtzOjEwOiIAKgBwZXJQYWdlIjtpOjE1O3M6NjoiZXhpc3RzIjtiOjE7czoxODoid2FzUmVjZW50bHlDcmVhdGVkIjtiOjA7czoyODoiACoAZXNjYXBlV2hlbkNhc3RpbmdUb1N0cmluZyI7YjowO3M6MTM6IgAqAGF0dHJpYnV0ZXMiO2E6NDp7czoyOiJpZCI7aToxO3M6NDoibmFtZSI7czoyOToi0JrQu9C40LzQsNGCINC60L7QvdGC0YDQvtC70YwiO3M6MTA6ImNyZWF0ZWRfYXQiO3M6MTk6IjIwMjUtMDQtMTEgMDQ6MTM6NTgiO3M6MTA6InVwZGF0ZWRfYXQiO3M6MTk6IjIwMjUtMDQtMTEgMDQ6MTM6NTgiO31zOjExOiIAKgBvcmlnaW5hbCI7YTo2OntzOjI6ImlkIjtpOjE7czo0OiJuYW1lIjtzOjI5OiLQmtC70LjQvNCw0YIg0LrQvtC90YLRgNC+0LvRjCI7czoxMDoiY3JlYXRlZF9hdCI7czoxOToiMjAyNS0wNC0xMSAwNDoxMzo1OCI7czoxMDoidXBkYXRlZF9hdCI7czoxOToiMjAyNS0wNC0xMSAwNDoxMzo1OCI7czoyMjoicGl2b3RfY29uZmlndXJhdGlvbl9pZCI7aToyO3M6MTU6InBpdm90X29wdGlvbl9pZCI7aToxO31zOjEwOiIAKgBjaGFuZ2VzIjthOjA6e31zOjg6IgAqAGNhc3RzIjthOjA6e31zOjE3OiIAKgBjbGFzc0Nhc3RDYWNoZSI7YTowOnt9czoyMToiACoAYXR0cmlidXRlQ2FzdENhY2hlIjthOjA6e31zOjEzOiIAKgBkYXRlRm9ybWF0IjtOO3M6MTA6IgAqAGFwcGVuZHMiO2E6MDp7fXM6MTk6IgAqAGRpc3BhdGNoZXNFdmVudHMiO2E6MDp7fXM6MTQ6IgAqAG9ic2VydmFibGVzIjthOjA6e31zOjEyOiIAKgByZWxhdGlvbnMiO2E6MTp7czo1OiJwaXZvdCI7Tzo0NDoiSWxsdW1pbmF0ZVxEYXRhYmFzZVxFbG9xdWVudFxSZWxhdGlvbnNcUGl2b3QiOjM1OntzOjEzOiIAKgBjb25uZWN0aW9uIjtOO3M6ODoiACoAdGFibGUiO3M6MjE6ImNvbmZpZ3VyYXRpb25fb3B0aW9ucyI7czoxMzoiACoAcHJpbWFyeUtleSI7czoyOiJpZCI7czoxMDoiACoAa2V5VHlwZSI7czozOiJpbnQiO3M6MTI6ImluY3JlbWVudGluZyI7YjowO3M6NzoiACoAd2l0aCI7YTowOnt9czoxMjoiACoAd2l0aENvdW50IjthOjA6e31zOjE5OiJwcmV2ZW50c0xhenlMb2FkaW5nIjtiOjA7czoxMDoiACoAcGVyUGFnZSI7aToxNTtzOjY6ImV4aXN0cyI7YjoxO3M6MTg6Indhc1JlY2VudGx5Q3JlYXRlZCI7YjowO3M6Mjg6IgAqAGVzY2FwZVdoZW5DYXN0aW5nVG9TdHJpbmciO2I6MDtzOjEzOiIAKgBhdHRyaWJ1dGVzIjthOjI6e3M6MTY6ImNvbmZpZ3VyYXRpb25faWQiO2k6MjtzOjk6Im9wdGlvbl9pZCI7aToxO31zOjExOiIAKgBvcmlnaW5hbCI7YToyOntzOjE2OiJjb25maWd1cmF0aW9uX2lkIjtpOjI7czo5OiJvcHRpb25faWQiO2k6MTt9czoxMDoiACoAY2hhbmdlcyI7YTowOnt9czo4OiIAKgBjYXN0cyI7YTowOnt9czoxNzoiACoAY2xhc3NDYXN0Q2FjaGUiO2E6MDp7fXM6MjE6IgAqAGF0dHJpYnV0ZUNhc3RDYWNoZSI7YTowOnt9czoxMzoiACoAZGF0ZUZvcm1hdCI7TjtzOjEwOiIAKgBhcHBlbmRzIjthOjA6e31zOjE5OiIAKgBkaXNwYXRjaGVzRXZlbnRzIjthOjA6e31zOjE0OiIAKgBvYnNlcnZhYmxlcyI7YTowOnt9czoxMjoiACoAcmVsYXRpb25zIjthOjA6e31zOjEwOiIAKgB0b3VjaGVzIjthOjA6e31zOjI3OiIAKgByZWxhdGlvbkF1dG9sb2FkQ2FsbGJhY2siO047czoxMDoidGltZXN0YW1wcyI7YjowO3M6MTM6InVzZXNVbmlxdWVJZHMiO2I6MDtzOjk6IgAqAGhpZGRlbiI7YTowOnt9czoxMDoiACoAdmlzaWJsZSI7YTowOnt9czoxMToiACoAZmlsbGFibGUiO2E6MDp7fXM6MTA6IgAqAGd1YXJkZWQiO2E6MDp7fXM6MTE6InBpdm90UGFyZW50IjtyOjE0MztzOjEyOiJwaXZvdFJlbGF0ZWQiO3I6MTc4O3M6MTM6IgAqAGZvcmVpZ25LZXkiO3M6MTY6ImNvbmZpZ3VyYXRpb25faWQiO3M6MTM6IgAqAHJlbGF0ZWRLZXkiO3M6OToib3B0aW9uX2lkIjt9fXM6MTA6IgAqAHRvdWNoZXMiO2E6MDp7fXM6Mjc6IgAqAHJlbGF0aW9uQXV0b2xvYWRDYWxsYmFjayI7TjtzOjEwOiJ0aW1lc3RhbXBzIjtiOjE7czoxMzoidXNlc1VuaXF1ZUlkcyI7YjowO3M6OToiACoAaGlkZGVuIjthOjA6e31zOjEwOiIAKgB2aXNpYmxlIjthOjA6e31zOjExOiIAKgBmaWxsYWJsZSI7YToxOntpOjA7czo0OiJuYW1lIjt9czoxMDoiACoAZ3VhcmRlZCI7YToxOntpOjA7czoxOiIqIjt9fWk6MTtPOjE3OiJBcHBcTW9kZWxzXE9wdGlvbiI6MzE6e3M6MTM6IgAqAGNvbm5lY3Rpb24iO3M6NToicGdzcWwiO3M6ODoiACoAdGFibGUiO3M6Nzoib3B0aW9ucyI7czoxMzoiACoAcHJpbWFyeUtleSI7czoyOiJpZCI7czoxMDoiACoAa2V5VHlwZSI7czozOiJpbnQiO3M6MTI6ImluY3JlbWVudGluZyI7YjoxO3M6NzoiACoAd2l0aCI7YTowOnt9czoxMjoiACoAd2l0aENvdW50IjthOjA6e31zOjE5OiJwcmV2ZW50c0xhenlMb2FkaW5nIjtiOjA7czoxMDoiACoAcGVyUGFnZSI7aToxNTtzOjY6ImV4aXN0cyI7YjoxO3M6MTg6Indhc1JlY2VudGx5Q3JlYXRlZCI7YjowO3M6Mjg6IgAqAGVzY2FwZVdoZW5DYXN0aW5nVG9TdHJpbmciO2I6MDtzOjEzOiIAKgBhdHRyaWJ1dGVzIjthOjQ6e3M6MjoiaWQiO2k6MjtzOjQ6Im5hbWUiO3M6MjU6ItCb0LDQt9C10YDQvdGL0LUg0YTQsNGA0YsiO3M6MTA6ImNyZWF0ZWRfYXQiO3M6MTk6IjIwMjUtMDQtMTEgMDQ6MTM6NTgiO3M6MTA6InVwZGF0ZWRfYXQiO3M6MTk6IjIwMjUtMDQtMTEgMDQ6MTM6NTgiO31zOjExOiIAKgBvcmlnaW5hbCI7YTo2OntzOjI6ImlkIjtpOjI7czo0OiJuYW1lIjtzOjI1OiLQm9Cw0LfQtdGA0L3Ri9C1INGE0LDRgNGLIjtzOjEwOiJjcmVhdGVkX2F0IjtzOjE5OiIyMDI1LTA0LTExIDA0OjEzOjU4IjtzOjEwOiJ1cGRhdGVkX2F0IjtzOjE5OiIyMDI1LTA0LTExIDA0OjEzOjU4IjtzOjIyOiJwaXZvdF9jb25maWd1cmF0aW9uX2lkIjtpOjI7czoxNToicGl2b3Rfb3B0aW9uX2lkIjtpOjI7fXM6MTA6IgAqAGNoYW5nZXMiO2E6MDp7fXM6ODoiACoAY2FzdHMiO2E6MDp7fXM6MTc6IgAqAGNsYXNzQ2FzdENhY2hlIjthOjA6e31zOjIxOiIAKgBhdHRyaWJ1dGVDYXN0Q2FjaGUiO2E6MDp7fXM6MTM6IgAqAGRhdGVGb3JtYXQiO047czoxMDoiACoAYXBwZW5kcyI7YTowOnt9czoxOToiACoAZGlzcGF0Y2hlc0V2ZW50cyI7YTowOnt9czoxNDoiACoAb2JzZXJ2YWJsZXMiO2E6MDp7fXM6MTI6IgAqAHJlbGF0aW9ucyI7YToxOntzOjU6InBpdm90IjtPOjQ0OiJJbGx1bWluYXRlXERhdGFiYXNlXEVsb3F1ZW50XFJlbGF0aW9uc1xQaXZvdCI6MzU6e3M6MTM6IgAqAGNvbm5lY3Rpb24iO047czo4OiIAKgB0YWJsZSI7czoyMToiY29uZmlndXJhdGlvbl9vcHRpb25zIjtzOjEzOiIAKgBwcmltYXJ5S2V5IjtzOjI6ImlkIjtzOjEwOiIAKgBrZXlUeXBlIjtzOjM6ImludCI7czoxMjoiaW5jcmVtZW50aW5nIjtiOjA7czo3OiIAKgB3aXRoIjthOjA6e31zOjEyOiIAKgB3aXRoQ291bnQiO2E6MDp7fXM6MTk6InByZXZlbnRzTGF6eUxvYWRpbmciO2I6MDtzOjEwOiIAKgBwZXJQYWdlIjtpOjE1O3M6NjoiZXhpc3RzIjtiOjE7czoxODoid2FzUmVjZW50bHlDcmVhdGVkIjtiOjA7czoyODoiACoAZXNjYXBlV2hlbkNhc3RpbmdUb1N0cmluZyI7YjowO3M6MTM6IgAqAGF0dHJpYnV0ZXMiO2E6Mjp7czoxNjoiY29uZmlndXJhdGlvbl9pZCI7aToyO3M6OToib3B0aW9uX2lkIjtpOjI7fXM6MTE6IgAqAG9yaWdpbmFsIjthOjI6e3M6MTY6ImNvbmZpZ3VyYXRpb25faWQiO2k6MjtzOjk6Im9wdGlvbl9pZCI7aToyO31zOjEwOiIAKgBjaGFuZ2VzIjthOjA6e31zOjg6IgAqAGNhc3RzIjthOjA6e31zOjE3OiIAKgBjbGFzc0Nhc3RDYWNoZSI7YTowOnt9czoyMToiACoAYXR0cmlidXRlQ2FzdENhY2hlIjthOjA6e31zOjEzOiIAKgBkYXRlRm9ybWF0IjtOO3M6MTA6IgAqAGFwcGVuZHMiO2E6MDp7fXM6MTk6IgAqAGRpc3BhdGNoZXNFdmVudHMiO2E6MDp7fXM6MTQ6IgAqAG9ic2VydmFibGVzIjthOjA6e31zOjEyOiIAKgByZWxhdGlvbnMiO2E6MDp7fXM6MTA6IgAqAHRvdWNoZXMiO2E6MDp7fXM6Mjc6IgAqAHJlbGF0aW9uQXV0b2xvYWRDYWxsYmFjayI7TjtzOjEwOiJ0aW1lc3RhbXBzIjtiOjA7czoxMzoidXNlc1VuaXF1ZUlkcyI7YjowO3M6OToiACoAaGlkZGVuIjthOjA6e31zOjEwOiIAKgB2aXNpYmxlIjthOjA6e31zOjExOiIAKgBmaWxsYWJsZSI7YTowOnt9czoxMDoiACoAZ3VhcmRlZCI7YTowOnt9czoxMToicGl2b3RQYXJlbnQiO3I6MTQzO3M6MTI6InBpdm90UmVsYXRlZCI7cjoxNzg7czoxMzoiACoAZm9yZWlnbktleSI7czoxNjoiY29uZmlndXJhdGlvbl9pZCI7czoxMzoiACoAcmVsYXRlZEtleSI7czo5OiJvcHRpb25faWQiO319czoxMDoiACoAdG91Y2hlcyI7YTowOnt9czoyNzoiACoAcmVsYXRpb25BdXRvbG9hZENhbGxiYWNrIjtOO3M6MTA6InRpbWVzdGFtcHMiO2I6MTtzOjEzOiJ1c2VzVW5pcXVlSWRzIjtiOjA7czo5OiIAKgBoaWRkZW4iO2E6MDp7fXM6MTA6IgAqAHZpc2libGUiO2E6MDp7fXM6MTE6IgAqAGZpbGxhYmxlIjthOjE6e2k6MDtzOjQ6Im5hbWUiO31zOjEwOiIAKgBndWFyZGVkIjthOjE6e2k6MDtzOjE6IioiO319aToyO086MTc6IkFwcFxNb2RlbHNcT3B0aW9uIjozMTp7czoxMzoiACoAY29ubmVjdGlvbiI7czo1OiJwZ3NxbCI7czo4OiIAKgB0YWJsZSI7czo3OiJvcHRpb25zIjtzOjEzOiIAKgBwcmltYXJ5S2V5IjtzOjI6ImlkIjtzOjEwOiIAKgBrZXlUeXBlIjtzOjM6ImludCI7czoxMjoiaW5jcmVtZW50aW5nIjtiOjE7czo3OiIAKgB3aXRoIjthOjA6e31zOjEyOiIAKgB3aXRoQ291bnQiO2E6MDp7fXM6MTk6InByZXZlbnRzTGF6eUxvYWRpbmciO2I6MDtzOjEwOiIAKgBwZXJQYWdlIjtpOjE1O3M6NjoiZXhpc3RzIjtiOjE7czoxODoid2FzUmVjZW50bHlDcmVhdGVkIjtiOjA7czoyODoiACoAZXNjYXBlV2hlbkNhc3RpbmdUb1N0cmluZyI7YjowO3M6MTM6IgAqAGF0dHJpYnV0ZXMiO2E6NDp7czoyOiJpZCI7aTozO3M6NDoibmFtZSI7czoyNToi0JrQvtCy0LDQvdGL0LUg0LTQuNGB0LrQuCI7czoxMDoiY3JlYXRlZF9hdCI7czoxOToiMjAyNS0wNC0xMSAwNDoxMzo1OCI7czoxMDoidXBkYXRlZF9hdCI7czoxOToiMjAyNS0wNC0xMSAwNDoxMzo1OCI7fXM6MTE6IgAqAG9yaWdpbmFsIjthOjY6e3M6MjoiaWQiO2k6MztzOjQ6Im5hbWUiO3M6MjU6ItCa0L7QstCw0L3Ri9C1INC00LjRgdC60LgiO3M6MTA6ImNyZWF0ZWRfYXQiO3M6MTk6IjIwMjUtMDQtMTEgMDQ6MTM6NTgiO3M6MTA6InVwZGF0ZWRfYXQiO3M6MTk6IjIwMjUtMDQtMTEgMDQ6MTM6NTgiO3M6MjI6InBpdm90X2NvbmZpZ3VyYXRpb25faWQiO2k6MjtzOjE1OiJwaXZvdF9vcHRpb25faWQiO2k6Mzt9czoxMDoiACoAY2hhbmdlcyI7YTowOnt9czo4OiIAKgBjYXN0cyI7YTowOnt9czoxNzoiACoAY2xhc3NDYXN0Q2FjaGUiO2E6MDp7fXM6MjE6IgAqAGF0dHJpYnV0ZUNhc3RDYWNoZSI7YTowOnt9czoxMzoiACoAZGF0ZUZvcm1hdCI7TjtzOjEwOiIAKgBhcHBlbmRzIjthOjA6e31zOjE5OiIAKgBkaXNwYXRjaGVzRXZlbnRzIjthOjA6e31zOjE0OiIAKgBvYnNlcnZhYmxlcyI7YTowOnt9czoxMjoiACoAcmVsYXRpb25zIjthOjE6e3M6NToicGl2b3QiO086NDQ6IklsbHVtaW5hdGVcRGF0YWJhc2VcRWxvcXVlbnRcUmVsYXRpb25zXFBpdm90IjozNTp7czoxMzoiACoAY29ubmVjdGlvbiI7TjtzOjg6IgAqAHRhYmxlIjtzOjIxOiJjb25maWd1cmF0aW9uX29wdGlvbnMiO3M6MTM6IgAqAHByaW1hcnlLZXkiO3M6MjoiaWQiO3M6MTA6IgAqAGtleVR5cGUiO3M6MzoiaW50IjtzOjEyOiJpbmNyZW1lbnRpbmciO2I6MDtzOjc6IgAqAHdpdGgiO2E6MDp7fXM6MTI6IgAqAHdpdGhDb3VudCI7YTowOnt9czoxOToicHJldmVudHNMYXp5TG9hZGluZyI7YjowO3M6MTA6IgAqAHBlclBhZ2UiO2k6MTU7czo2OiJleGlzdHMiO2I6MTtzOjE4OiJ3YXNSZWNlbnRseUNyZWF0ZWQiO2I6MDtzOjI4OiIAKgBlc2NhcGVXaGVuQ2FzdGluZ1RvU3RyaW5nIjtiOjA7czoxMzoiACoAYXR0cmlidXRlcyI7YToyOntzOjE2OiJjb25maWd1cmF0aW9uX2lkIjtpOjI7czo5OiJvcHRpb25faWQiO2k6Mzt9czoxMToiACoAb3JpZ2luYWwiO2E6Mjp7czoxNjoiY29uZmlndXJhdGlvbl9pZCI7aToyO3M6OToib3B0aW9uX2lkIjtpOjM7fXM6MTA6IgAqAGNoYW5nZXMiO2E6MDp7fXM6ODoiACoAY2FzdHMiO2E6MDp7fXM6MTc6IgAqAGNsYXNzQ2FzdENhY2hlIjthOjA6e31zOjIxOiIAKgBhdHRyaWJ1dGVDYXN0Q2FjaGUiO2E6MDp7fXM6MTM6IgAqAGRhdGVGb3JtYXQiO047czoxMDoiACoAYXBwZW5kcyI7YTowOnt9czoxOToiACoAZGlzcGF0Y2hlc0V2ZW50cyI7YTowOnt9czoxNDoiACoAb2JzZXJ2YWJsZXMiO2E6MDp7fXM6MTI6IgAqAHJlbGF0aW9ucyI7YTowOnt9czoxMDoiACoAdG91Y2hlcyI7YTowOnt9czoyNzoiACoAcmVsYXRpb25BdXRvbG9hZENhbGxiYWNrIjtOO3M6MTA6InRpbWVzdGFtcHMiO2I6MDtzOjEzOiJ1c2VzVW5pcXVlSWRzIjtiOjA7czo5OiIAKgBoaWRkZW4iO2E6MDp7fXM6MTA6IgAqAHZpc2libGUiO2E6MDp7fXM6MTE6IgAqAGZpbGxhYmxlIjthOjA6e31zOjEwOiIAKgBndWFyZGVkIjthOjA6e31zOjExOiJwaXZvdFBhcmVudCI7cjoxNDM7czoxMjoicGl2b3RSZWxhdGVkIjtyOjE3ODtzOjEzOiIAKgBmb3JlaWduS2V5IjtzOjE2OiJjb25maWd1cmF0aW9uX2lkIjtzOjEzOiIAKgByZWxhdGVkS2V5IjtzOjk6Im9wdGlvbl9pZCI7fX1zOjEwOiIAKgB0b3VjaGVzIjthOjA6e31zOjI3OiIAKgByZWxhdGlvbkF1dG9sb2FkQ2FsbGJhY2siO047czoxMDoidGltZXN0YW1wcyI7YjoxO3M6MTM6InVzZXNVbmlxdWVJZHMiO2I6MDtzOjk6IgAqAGhpZGRlbiI7YTowOnt9czoxMDoiACoAdmlzaWJsZSI7YTowOnt9czoxMToiACoAZmlsbGFibGUiO2E6MTp7aTowO3M6NDoibmFtZSI7fXM6MTA6IgAqAGd1YXJkZWQiO2E6MTp7aTowO3M6MToiKiI7fX19czoyODoiACoAZXNjYXBlV2hlbkNhc3RpbmdUb1N0cmluZyI7YjowO31zOjEyOiJjdXJyZW50UHJpY2UiO086MTY6IkFwcFxNb2RlbHNcUHJpY2UiOjMxOntzOjEzOiIAKgBjb25uZWN0aW9uIjtzOjU6InBnc3FsIjtzOjg6IgAqAHRhYmxlIjtzOjY6InByaWNlcyI7czoxMzoiACoAcHJpbWFyeUtleSI7czoyOiJpZCI7czoxMDoiACoAa2V5VHlwZSI7czozOiJpbnQiO3M6MTI6ImluY3JlbWVudGluZyI7YjoxO3M6NzoiACoAd2l0aCI7YTowOnt9czoxMjoiACoAd2l0aENvdW50IjthOjA6e31zOjE5OiJwcmV2ZW50c0xhenlMb2FkaW5nIjtiOjA7czoxMDoiACoAcGVyUGFnZSI7aToxNTtzOjY6ImV4aXN0cyI7YjoxO3M6MTg6Indhc1JlY2VudGx5Q3JlYXRlZCI7YjowO3M6Mjg6IgAqAGVzY2FwZVdoZW5DYXN0aW5nVG9TdHJpbmciO2I6MDtzOjEzOiIAKgBhdHRyaWJ1dGVzIjthOjc6e3M6MjoiaWQiO2k6MjtzOjE2OiJjb25maWd1cmF0aW9uX2lkIjtpOjI7czo1OiJwcmljZSI7czoxMDoiMTUwMDAwMC4wMCI7czoxMDoic3RhcnRfZGF0ZSI7czoxMDoiMjAyNS0wNC0wNCI7czo4OiJlbmRfZGF0ZSI7TjtzOjEwOiJjcmVhdGVkX2F0IjtzOjE5OiIyMDI1LTA0LTExIDA0OjEzOjU4IjtzOjEwOiJ1cGRhdGVkX2F0IjtzOjE5OiIyMDI1LTA0LTExIDA0OjEzOjU4Ijt9czoxMToiACoAb3JpZ2luYWwiO2E6Nzp7czoyOiJpZCI7aToyO3M6MTY6ImNvbmZpZ3VyYXRpb25faWQiO2k6MjtzOjU6InByaWNlIjtzOjEwOiIxNTAwMDAwLjAwIjtzOjEwOiJzdGFydF9kYXRlIjtzOjEwOiIyMDI1LTA0LTA0IjtzOjg6ImVuZF9kYXRlIjtOO3M6MTA6ImNyZWF0ZWRfYXQiO3M6MTk6IjIwMjUtMDQtMTEgMDQ6MTM6NTgiO3M6MTA6InVwZGF0ZWRfYXQiO3M6MTk6IjIwMjUtMDQtMTEgMDQ6MTM6NTgiO31zOjEwOiIAKgBjaGFuZ2VzIjthOjA6e31zOjg6IgAqAGNhc3RzIjthOjA6e31zOjE3OiIAKgBjbGFzc0Nhc3RDYWNoZSI7YTowOnt9czoyMToiACoAYXR0cmlidXRlQ2FzdENhY2hlIjthOjA6e31zOjEzOiIAKgBkYXRlRm9ybWF0IjtOO3M6MTA6IgAqAGFwcGVuZHMiO2E6MDp7fXM6MTk6IgAqAGRpc3BhdGNoZXNFdmVudHMiO2E6MDp7fXM6MTQ6IgAqAG9ic2VydmFibGVzIjthOjA6e31zOjEyOiIAKgByZWxhdGlvbnMiO2E6MDp7fXM6MTA6IgAqAHRvdWNoZXMiO2E6MDp7fXM6Mjc6IgAqAHJlbGF0aW9uQXV0b2xvYWRDYWxsYmFjayI7TjtzOjEwOiJ0aW1lc3RhbXBzIjtiOjE7czoxMzoidXNlc1VuaXF1ZUlkcyI7YjowO3M6OToiACoAaGlkZGVuIjthOjA6e31zOjEwOiIAKgB2aXNpYmxlIjthOjA6e31zOjExOiIAKgBmaWxsYWJsZSI7YTo0OntpOjA7czoxNjoiY29uZmlndXJhdGlvbl9pZCI7aToxO3M6NToicHJpY2UiO2k6MjtzOjEwOiJzdGFydF9kYXRlIjtpOjM7czo4OiJlbmRfZGF0ZSI7fXM6MTA6IgAqAGd1YXJkZWQiO2E6MTp7aTowO3M6MToiKiI7fX19czoxMDoiACoAdG91Y2hlcyI7YTowOnt9czoyNzoiACoAcmVsYXRpb25BdXRvbG9hZENhbGxiYWNrIjtOO3M6MTA6InRpbWVzdGFtcHMiO2I6MTtzOjEzOiJ1c2VzVW5pcXVlSWRzIjtiOjA7czo5OiIAKgBoaWRkZW4iO2E6MDp7fXM6MTA6IgAqAHZpc2libGUiO2E6MDp7fXM6MTE6IgAqAGZpbGxhYmxlIjthOjI6e2k6MDtzOjY6ImNhcl9pZCI7aToxO3M6NDoibmFtZSI7fXM6MTA6IgAqAGd1YXJkZWQiO2E6MTp7aTowO3M6MToiKiI7fX19czoyODoiACoAZXNjYXBlV2hlbkNhc3RpbmdUb1N0cmluZyI7YjowO319czoxMDoiACoAdG91Y2hlcyI7YTowOnt9czoyNzoiACoAcmVsYXRpb25BdXRvbG9hZENhbGxiYWNrIjtOO3M6MTA6InRpbWVzdGFtcHMiO2I6MTtzOjEzOiJ1c2VzVW5pcXVlSWRzIjtiOjA7czo5OiIAKgBoaWRkZW4iO2E6MDp7fXM6MTA6IgAqAHZpc2libGUiO2E6MDp7fXM6MTE6IgAqAGZpbGxhYmxlIjthOjE6e2k6MDtzOjQ6Im5hbWUiO31zOjEwOiIAKgBndWFyZGVkIjthOjE6e2k6MDtzOjE6IioiO319aToxO086MTQ6IkFwcFxNb2RlbHNcQ2FyIjozMTp7czoxMzoiACoAY29ubmVjdGlvbiI7czo1OiJwZ3NxbCI7czo4OiIAKgB0YWJsZSI7czo0OiJjYXJzIjtzOjEzOiIAKgBwcmltYXJ5S2V5IjtzOjI6ImlkIjtzOjEwOiIAKgBrZXlUeXBlIjtzOjM6ImludCI7czoxMjoiaW5jcmVtZW50aW5nIjtiOjE7czo3OiIAKgB3aXRoIjthOjA6e31zOjEyOiIAKgB3aXRoQ291bnQiO2E6MDp7fXM6MTk6InByZXZlbnRzTGF6eUxvYWRpbmciO2I6MDtzOjEwOiIAKgBwZXJQYWdlIjtpOjE1O3M6NjoiZXhpc3RzIjtiOjE7czoxODoid2FzUmVjZW50bHlDcmVhdGVkIjtiOjA7czoyODoiACoAZXNjYXBlV2hlbkNhc3RpbmdUb1N0cmluZyI7YjowO3M6MTM6IgAqAGF0dHJpYnV0ZXMiO2E6NDp7czoyOiJpZCI7aToyO3M6NDoibmFtZSI7czoxOToi0JvQsNC00LAg0JLQtdGB0YLQsCI7czoxMDoiY3JlYXRlZF9hdCI7czoxOToiMjAyNS0wNC0xMSAwNDoxMzo1OCI7czoxMDoidXBkYXRlZF9hdCI7czoxOToiMjAyNS0wNC0xMSAwNDoxMzo1OCI7fXM6MTE6IgAqAG9yaWdpbmFsIjthOjQ6e3M6MjoiaWQiO2k6MjtzOjQ6Im5hbWUiO3M6MTk6ItCb0LDQtNCwINCS0LXRgdGC0LAiO3M6MTA6ImNyZWF0ZWRfYXQiO3M6MTk6IjIwMjUtMDQtMTEgMDQ6MTM6NTgiO3M6MTA6InVwZGF0ZWRfYXQiO3M6MTk6IjIwMjUtMDQtMTEgMDQ6MTM6NTgiO31zOjEwOiIAKgBjaGFuZ2VzIjthOjA6e31zOjg6IgAqAGNhc3RzIjthOjA6e31zOjE3OiIAKgBjbGFzc0Nhc3RDYWNoZSI7YTowOnt9czoyMToiACoAYXR0cmlidXRlQ2FzdENhY2hlIjthOjA6e31zOjEzOiIAKgBkYXRlRm9ybWF0IjtOO3M6MTA6IgAqAGFwcGVuZHMiO2E6MDp7fXM6MTk6IgAqAGRpc3BhdGNoZXNFdmVudHMiO2E6MDp7fXM6MTQ6IgAqAG9ic2VydmFibGVzIjthOjA6e31zOjEyOiIAKgByZWxhdGlvbnMiO2E6MTp7czoxNDoiY29uZmlndXJhdGlvbnMiO086Mzk6IklsbHVtaW5hdGVcRGF0YWJhc2VcRWxvcXVlbnRcQ29sbGVjdGlvbiI6Mjp7czo4OiIAKgBpdGVtcyI7YToyOntpOjA7TzoyNDoiQXBwXE1vZGVsc1xDb25maWd1cmF0aW9uIjozMTp7czoxMzoiACoAY29ubmVjdGlvbiI7czo1OiJwZ3NxbCI7czo4OiIAKgB0YWJsZSI7czoxNDoiY29uZmlndXJhdGlvbnMiO3M6MTM6IgAqAHByaW1hcnlLZXkiO3M6MjoiaWQiO3M6MTA6IgAqAGtleVR5cGUiO3M6MzoiaW50IjtzOjEyOiJpbmNyZW1lbnRpbmciO2I6MTtzOjc6IgAqAHdpdGgiO2E6MDp7fXM6MTI6IgAqAHdpdGhDb3VudCI7YTowOnt9czoxOToicHJldmVudHNMYXp5TG9hZGluZyI7YjowO3M6MTA6IgAqAHBlclBhZ2UiO2k6MTU7czo2OiJleGlzdHMiO2I6MTtzOjE4OiJ3YXNSZWNlbnRseUNyZWF0ZWQiO2I6MDtzOjI4OiIAKgBlc2NhcGVXaGVuQ2FzdGluZ1RvU3RyaW5nIjtiOjA7czoxMzoiACoAYXR0cmlidXRlcyI7YTo1OntzOjI6ImlkIjtpOjM7czo2OiJjYXJfaWQiO2k6MjtzOjQ6Im5hbWUiO3M6MTQ6ItCR0LDQt9C+0LLQsNGPIjtzOjEwOiJjcmVhdGVkX2F0IjtzOjE5OiIyMDI1LTA0LTExIDA0OjEzOjU4IjtzOjEwOiJ1cGRhdGVkX2F0IjtzOjE5OiIyMDI1LTA0LTExIDA0OjEzOjU4Ijt9czoxMToiACoAb3JpZ2luYWwiO2E6NTp7czoyOiJpZCI7aTozO3M6NjoiY2FyX2lkIjtpOjI7czo0OiJuYW1lIjtzOjE0OiLQkdCw0LfQvtCy0LDRjyI7czoxMDoiY3JlYXRlZF9hdCI7czoxOToiMjAyNS0wNC0xMSAwNDoxMzo1OCI7czoxMDoidXBkYXRlZF9hdCI7czoxOToiMjAyNS0wNC0xMSAwNDoxMzo1OCI7fXM6MTA6IgAqAGNoYW5nZXMiO2E6MDp7fXM6ODoiACoAY2FzdHMiO2E6MDp7fXM6MTc6IgAqAGNsYXNzQ2FzdENhY2hlIjthOjA6e31zOjIxOiIAKgBhdHRyaWJ1dGVDYXN0Q2FjaGUiO2E6MDp7fXM6MTM6IgAqAGRhdGVGb3JtYXQiO047czoxMDoiACoAYXBwZW5kcyI7YTowOnt9czoxOToiACoAZGlzcGF0Y2hlc0V2ZW50cyI7YTowOnt9czoxNDoiACoAb2JzZXJ2YWJsZXMiO2E6MDp7fXM6MTI6IgAqAHJlbGF0aW9ucyI7YToyOntzOjc6Im9wdGlvbnMiO086Mzk6IklsbHVtaW5hdGVcRGF0YWJhc2VcRWxvcXVlbnRcQ29sbGVjdGlvbiI6Mjp7czo4OiIAKgBpdGVtcyI7YToxOntpOjA7TzoxNzoiQXBwXE1vZGVsc1xPcHRpb24iOjMxOntzOjEzOiIAKgBjb25uZWN0aW9uIjtzOjU6InBnc3FsIjtzOjg6IgAqAHRhYmxlIjtzOjc6Im9wdGlvbnMiO3M6MTM6IgAqAHByaW1hcnlLZXkiO3M6MjoiaWQiO3M6MTA6IgAqAGtleVR5cGUiO3M6MzoiaW50IjtzOjEyOiJpbmNyZW1lbnRpbmciO2I6MTtzOjc6IgAqAHdpdGgiO2E6MDp7fXM6MTI6IgAqAHdpdGhDb3VudCI7YTowOnt9czoxOToicHJldmVudHNMYXp5TG9hZGluZyI7YjowO3M6MTA6IgAqAHBlclBhZ2UiO2k6MTU7czo2OiJleGlzdHMiO2I6MTtzOjE4OiJ3YXNSZWNlbnRseUNyZWF0ZWQiO2I6MDtzOjI4OiIAKgBlc2NhcGVXaGVuQ2FzdGluZ1RvU3RyaW5nIjtiOjA7czoxMzoiACoAYXR0cmlidXRlcyI7YTo0OntzOjI6ImlkIjtpOjE7czo0OiJuYW1lIjtzOjI5OiLQmtC70LjQvNCw0YIg0LrQvtC90YLRgNC+0LvRjCI7czoxMDoiY3JlYXRlZF9hdCI7czoxOToiMjAyNS0wNC0xMSAwNDoxMzo1OCI7czoxMDoidXBkYXRlZF9hdCI7czoxOToiMjAyNS0wNC0xMSAwNDoxMzo1OCI7fXM6MTE6IgAqAG9yaWdpbmFsIjthOjY6e3M6MjoiaWQiO2k6MTtzOjQ6Im5hbWUiO3M6Mjk6ItCa0LvQuNC80LDRgiDQutC+0L3RgtGA0L7Qu9GMIjtzOjEwOiJjcmVhdGVkX2F0IjtzOjE5OiIyMDI1LTA0LTExIDA0OjEzOjU4IjtzOjEwOiJ1cGRhdGVkX2F0IjtzOjE5OiIyMDI1LTA0LTExIDA0OjEzOjU4IjtzOjIyOiJwaXZvdF9jb25maWd1cmF0aW9uX2lkIjtpOjM7czoxNToicGl2b3Rfb3B0aW9uX2lkIjtpOjE7fXM6MTA6IgAqAGNoYW5nZXMiO2E6MDp7fXM6ODoiACoAY2FzdHMiO2E6MDp7fXM6MTc6IgAqAGNsYXNzQ2FzdENhY2hlIjthOjA6e31zOjIxOiIAKgBhdHRyaWJ1dGVDYXN0Q2FjaGUiO2E6MDp7fXM6MTM6IgAqAGRhdGVGb3JtYXQiO047czoxMDoiACoAYXBwZW5kcyI7YTowOnt9czoxOToiACoAZGlzcGF0Y2hlc0V2ZW50cyI7YTowOnt9czoxNDoiACoAb2JzZXJ2YWJsZXMiO2E6MDp7fXM6MTI6IgAqAHJlbGF0aW9ucyI7YToxOntzOjU6InBpdm90IjtPOjQ0OiJJbGx1bWluYXRlXERhdGFiYXNlXEVsb3F1ZW50XFJlbGF0aW9uc1xQaXZvdCI6MzU6e3M6MTM6IgAqAGNvbm5lY3Rpb24iO047czo4OiIAKgB0YWJsZSI7czoyMToiY29uZmlndXJhdGlvbl9vcHRpb25zIjtzOjEzOiIAKgBwcmltYXJ5S2V5IjtzOjI6ImlkIjtzOjEwOiIAKgBrZXlUeXBlIjtzOjM6ImludCI7czoxMjoiaW5jcmVtZW50aW5nIjtiOjA7czo3OiIAKgB3aXRoIjthOjA6e31zOjEyOiIAKgB3aXRoQ291bnQiO2E6MDp7fXM6MTk6InByZXZlbnRzTGF6eUxvYWRpbmciO2I6MDtzOjEwOiIAKgBwZXJQYWdlIjtpOjE1O3M6NjoiZXhpc3RzIjtiOjE7czoxODoid2FzUmVjZW50bHlDcmVhdGVkIjtiOjA7czoyODoiACoAZXNjYXBlV2hlbkNhc3RpbmdUb1N0cmluZyI7YjowO3M6MTM6IgAqAGF0dHJpYnV0ZXMiO2E6Mjp7czoxNjoiY29uZmlndXJhdGlvbl9pZCI7aTozO3M6OToib3B0aW9uX2lkIjtpOjE7fXM6MTE6IgAqAG9yaWdpbmFsIjthOjI6e3M6MTY6ImNvbmZpZ3VyYXRpb25faWQiO2k6MztzOjk6Im9wdGlvbl9pZCI7aToxO31zOjEwOiIAKgBjaGFuZ2VzIjthOjA6e31zOjg6IgAqAGNhc3RzIjthOjA6e31zOjE3OiIAKgBjbGFzc0Nhc3RDYWNoZSI7YTowOnt9czoyMToiACoAYXR0cmlidXRlQ2FzdENhY2hlIjthOjA6e31zOjEzOiIAKgBkYXRlRm9ybWF0IjtOO3M6MTA6IgAqAGFwcGVuZHMiO2E6MDp7fXM6MTk6IgAqAGRpc3BhdGNoZXNFdmVudHMiO2E6MDp7fXM6MTQ6IgAqAG9ic2VydmFibGVzIjthOjA6e31zOjEyOiIAKgByZWxhdGlvbnMiO2E6MDp7fXM6MTA6IgAqAHRvdWNoZXMiO2E6MDp7fXM6Mjc6IgAqAHJlbGF0aW9uQXV0b2xvYWRDYWxsYmFjayI7TjtzOjEwOiJ0aW1lc3RhbXBzIjtiOjA7czoxMzoidXNlc1VuaXF1ZUlkcyI7YjowO3M6OToiACoAaGlkZGVuIjthOjA6e31zOjEwOiIAKgB2aXNpYmxlIjthOjA6e31zOjExOiIAKgBmaWxsYWJsZSI7YTowOnt9czoxMDoiACoAZ3VhcmRlZCI7YTowOnt9czoxMToicGl2b3RQYXJlbnQiO3I6MTQzO3M6MTI6InBpdm90UmVsYXRlZCI7cjoxNzg7czoxMzoiACoAZm9yZWlnbktleSI7czoxNjoiY29uZmlndXJhdGlvbl9pZCI7czoxMzoiACoAcmVsYXRlZEtleSI7czo5OiJvcHRpb25faWQiO319czoxMDoiACoAdG91Y2hlcyI7YTowOnt9czoyNzoiACoAcmVsYXRpb25BdXRvbG9hZENhbGxiYWNrIjtOO3M6MTA6InRpbWVzdGFtcHMiO2I6MTtzOjEzOiJ1c2VzVW5pcXVlSWRzIjtiOjA7czo5OiIAKgBoaWRkZW4iO2E6MDp7fXM6MTA6IgAqAHZpc2libGUiO2E6MDp7fXM6MTE6IgAqAGZpbGxhYmxlIjthOjE6e2k6MDtzOjQ6Im5hbWUiO31zOjEwOiIAKgBndWFyZGVkIjthOjE6e2k6MDtzOjE6IioiO319fXM6Mjg6IgAqAGVzY2FwZVdoZW5DYXN0aW5nVG9TdHJpbmciO2I6MDt9czoxMjoiY3VycmVudFByaWNlIjtPOjE2OiJBcHBcTW9kZWxzXFByaWNlIjozMTp7czoxMzoiACoAY29ubmVjdGlvbiI7czo1OiJwZ3NxbCI7czo4OiIAKgB0YWJsZSI7czo2OiJwcmljZXMiO3M6MTM6IgAqAHByaW1hcnlLZXkiO3M6MjoiaWQiO3M6MTA6IgAqAGtleVR5cGUiO3M6MzoiaW50IjtzOjEyOiJpbmNyZW1lbnRpbmciO2I6MTtzOjc6IgAqAHdpdGgiO2E6MDp7fXM6MTI6IgAqAHdpdGhDb3VudCI7YTowOnt9czoxOToicHJldmVudHNMYXp5TG9hZGluZyI7YjowO3M6MTA6IgAqAHBlclBhZ2UiO2k6MTU7czo2OiJleGlzdHMiO2I6MTtzOjE4OiJ3YXNSZWNlbnRseUNyZWF0ZWQiO2I6MDtzOjI4OiIAKgBlc2NhcGVXaGVuQ2FzdGluZ1RvU3RyaW5nIjtiOjA7czoxMzoiACoAYXR0cmlidXRlcyI7YTo3OntzOjI6ImlkIjtpOjM7czoxNjoiY29uZmlndXJhdGlvbl9pZCI7aTozO3M6NToicHJpY2UiO3M6MTA6IjE1MDAwMDAuMDAiO3M6MTA6InN0YXJ0X2RhdGUiO3M6MTA6IjIwMjUtMDQtMDYiO3M6ODoiZW5kX2RhdGUiO3M6MTA6IjIwMjUtMDQtMjEiO3M6MTA6ImNyZWF0ZWRfYXQiO3M6MTk6IjIwMjUtMDQtMTEgMDQ6MTM6NTgiO3M6MTA6InVwZGF0ZWRfYXQiO3M6MTk6IjIwMjUtMDQtMTEgMDQ6MTM6NTgiO31zOjExOiIAKgBvcmlnaW5hbCI7YTo3OntzOjI6ImlkIjtpOjM7czoxNjoiY29uZmlndXJhdGlvbl9pZCI7aTozO3M6NToicHJpY2UiO3M6MTA6IjE1MDAwMDAuMDAiO3M6MTA6InN0YXJ0X2RhdGUiO3M6MTA6IjIwMjUtMDQtMDYiO3M6ODoiZW5kX2RhdGUiO3M6MTA6IjIwMjUtMDQtMjEiO3M6MTA6ImNyZWF0ZWRfYXQiO3M6MTk6IjIwMjUtMDQtMTEgMDQ6MTM6NTgiO3M6MTA6InVwZGF0ZWRfYXQiO3M6MTk6IjIwMjUtMDQtMTEgMDQ6MTM6NTgiO31zOjEwOiIAKgBjaGFuZ2VzIjthOjA6e31zOjg6IgAqAGNhc3RzIjthOjA6e31zOjE3OiIAKgBjbGFzc0Nhc3RDYWNoZSI7YTowOnt9czoyMToiACoAYXR0cmlidXRlQ2FzdENhY2hlIjthOjA6e31zOjEzOiIAKgBkYXRlRm9ybWF0IjtOO3M6MTA6IgAqAGFwcGVuZHMiO2E6MDp7fXM6MTk6IgAqAGRpc3BhdGNoZXNFdmVudHMiO2E6MDp7fXM6MTQ6IgAqAG9ic2VydmFibGVzIjthOjA6e31zOjEyOiIAKgByZWxhdGlvbnMiO2E6MDp7fXM6MTA6IgAqAHRvdWNoZXMiO2E6MDp7fXM6Mjc6IgAqAHJlbGF0aW9uQXV0b2xvYWRDYWxsYmFjayI7TjtzOjEwOiJ0aW1lc3RhbXBzIjtiOjE7czoxMzoidXNlc1VuaXF1ZUlkcyI7YjowO3M6OToiACoAaGlkZGVuIjthOjA6e31zOjEwOiIAKgB2aXNpYmxlIjthOjA6e31zOjExOiIAKgBmaWxsYWJsZSI7YTo0OntpOjA7czoxNjoiY29uZmlndXJhdGlvbl9pZCI7aToxO3M6NToicHJpY2UiO2k6MjtzOjEwOiJzdGFydF9kYXRlIjtpOjM7czo4OiJlbmRfZGF0ZSI7fXM6MTA6IgAqAGd1YXJkZWQiO2E6MTp7aTowO3M6MToiKiI7fX19czoxMDoiACoAdG91Y2hlcyI7YTowOnt9czoyNzoiACoAcmVsYXRpb25BdXRvbG9hZENhbGxiYWNrIjtOO3M6MTA6InRpbWVzdGFtcHMiO2I6MTtzOjEzOiJ1c2VzVW5pcXVlSWRzIjtiOjA7czo5OiIAKgBoaWRkZW4iO2E6MDp7fXM6MTA6IgAqAHZpc2libGUiO2E6MDp7fXM6MTE6IgAqAGZpbGxhYmxlIjthOjI6e2k6MDtzOjY6ImNhcl9pZCI7aToxO3M6NDoibmFtZSI7fXM6MTA6IgAqAGd1YXJkZWQiO2E6MTp7aTowO3M6MToiKiI7fX1pOjE7TzoyNDoiQXBwXE1vZGVsc1xDb25maWd1cmF0aW9uIjozMTp7czoxMzoiACoAY29ubmVjdGlvbiI7czo1OiJwZ3NxbCI7czo4OiIAKgB0YWJsZSI7czoxNDoiY29uZmlndXJhdGlvbnMiO3M6MTM6IgAqAHByaW1hcnlLZXkiO3M6MjoiaWQiO3M6MTA6IgAqAGtleVR5cGUiO3M6MzoiaW50IjtzOjEyOiJpbmNyZW1lbnRpbmciO2I6MTtzOjc6IgAqAHdpdGgiO2E6MDp7fXM6MTI6IgAqAHdpdGhDb3VudCI7YTowOnt9czoxOToicHJldmVudHNMYXp5TG9hZGluZyI7YjowO3M6MTA6IgAqAHBlclBhZ2UiO2k6MTU7czo2OiJleGlzdHMiO2I6MTtzOjE4OiJ3YXNSZWNlbnRseUNyZWF0ZWQiO2I6MDtzOjI4OiIAKgBlc2NhcGVXaGVuQ2FzdGluZ1RvU3RyaW5nIjtiOjA7czoxMzoiACoAYXR0cmlidXRlcyI7YTo1OntzOjI6ImlkIjtpOjQ7czo2OiJjYXJfaWQiO2k6MjtzOjQ6Im5hbWUiO3M6MTA6ItCh0L/QvtGA0YIiO3M6MTA6ImNyZWF0ZWRfYXQiO3M6MTk6IjIwMjUtMDQtMTEgMDQ6MTM6NTgiO3M6MTA6InVwZGF0ZWRfYXQiO3M6MTk6IjIwMjUtMDQtMTEgMDQ6MTM6NTgiO31zOjExOiIAKgBvcmlnaW5hbCI7YTo1OntzOjI6ImlkIjtpOjQ7czo2OiJjYXJfaWQiO2k6MjtzOjQ6Im5hbWUiO3M6MTA6ItCh0L/QvtGA0YIiO3M6MTA6ImNyZWF0ZWRfYXQiO3M6MTk6IjIwMjUtMDQtMTEgMDQ6MTM6NTgiO3M6MTA6InVwZGF0ZWRfYXQiO3M6MTk6IjIwMjUtMDQtMTEgMDQ6MTM6NTgiO31zOjEwOiIAKgBjaGFuZ2VzIjthOjA6e31zOjg6IgAqAGNhc3RzIjthOjA6e31zOjE3OiIAKgBjbGFzc0Nhc3RDYWNoZSI7YTowOnt9czoyMToiACoAYXR0cmlidXRlQ2FzdENhY2hlIjthOjA6e31zOjEzOiIAKgBkYXRlRm9ybWF0IjtOO3M6MTA6IgAqAGFwcGVuZHMiO2E6MDp7fXM6MTk6IgAqAGRpc3BhdGNoZXNFdmVudHMiO2E6MDp7fXM6MTQ6IgAqAG9ic2VydmFibGVzIjthOjA6e31zOjEyOiIAKgByZWxhdGlvbnMiO2E6Mjp7czo3OiJvcHRpb25zIjtPOjM5OiJJbGx1bWluYXRlXERhdGFiYXNlXEVsb3F1ZW50XENvbGxlY3Rpb24iOjI6e3M6ODoiACoAaXRlbXMiO2E6Mzp7aTowO086MTc6IkFwcFxNb2RlbHNcT3B0aW9uIjozMTp7czoxMzoiACoAY29ubmVjdGlvbiI7czo1OiJwZ3NxbCI7czo4OiIAKgB0YWJsZSI7czo3OiJvcHRpb25zIjtzOjEzOiIAKgBwcmltYXJ5S2V5IjtzOjI6ImlkIjtzOjEwOiIAKgBrZXlUeXBlIjtzOjM6ImludCI7czoxMjoiaW5jcmVtZW50aW5nIjtiOjE7czo3OiIAKgB3aXRoIjthOjA6e31zOjEyOiIAKgB3aXRoQ291bnQiO2E6MDp7fXM6MTk6InByZXZlbnRzTGF6eUxvYWRpbmciO2I6MDtzOjEwOiIAKgBwZXJQYWdlIjtpOjE1O3M6NjoiZXhpc3RzIjtiOjE7czoxODoid2FzUmVjZW50bHlDcmVhdGVkIjtiOjA7czoyODoiACoAZXNjYXBlV2hlbkNhc3RpbmdUb1N0cmluZyI7YjowO3M6MTM6IgAqAGF0dHJpYnV0ZXMiO2E6NDp7czoyOiJpZCI7aToxO3M6NDoibmFtZSI7czoyOToi0JrQu9C40LzQsNGCINC60L7QvdGC0YDQvtC70YwiO3M6MTA6ImNyZWF0ZWRfYXQiO3M6MTk6IjIwMjUtMDQtMTEgMDQ6MTM6NTgiO3M6MTA6InVwZGF0ZWRfYXQiO3M6MTk6IjIwMjUtMDQtMTEgMDQ6MTM6NTgiO31zOjExOiIAKgBvcmlnaW5hbCI7YTo2OntzOjI6ImlkIjtpOjE7czo0OiJuYW1lIjtzOjI5OiLQmtC70LjQvNCw0YIg0LrQvtC90YLRgNC+0LvRjCI7czoxMDoiY3JlYXRlZF9hdCI7czoxOToiMjAyNS0wNC0xMSAwNDoxMzo1OCI7czoxMDoidXBkYXRlZF9hdCI7czoxOToiMjAyNS0wNC0xMSAwNDoxMzo1OCI7czoyMjoicGl2b3RfY29uZmlndXJhdGlvbl9pZCI7aTo0O3M6MTU6InBpdm90X29wdGlvbl9pZCI7aToxO31zOjEwOiIAKgBjaGFuZ2VzIjthOjA6e31zOjg6IgAqAGNhc3RzIjthOjA6e31zOjE3OiIAKgBjbGFzc0Nhc3RDYWNoZSI7YTowOnt9czoyMToiACoAYXR0cmlidXRlQ2FzdENhY2hlIjthOjA6e31zOjEzOiIAKgBkYXRlRm9ybWF0IjtOO3M6MTA6IgAqAGFwcGVuZHMiO2E6MDp7fXM6MTk6IgAqAGRpc3BhdGNoZXNFdmVudHMiO2E6MDp7fXM6MTQ6IgAqAG9ic2VydmFibGVzIjthOjA6e31zOjEyOiIAKgByZWxhdGlvbnMiO2E6MTp7czo1OiJwaXZvdCI7Tzo0NDoiSWxsdW1pbmF0ZVxEYXRhYmFzZVxFbG9xdWVudFxSZWxhdGlvbnNcUGl2b3QiOjM1OntzOjEzOiIAKgBjb25uZWN0aW9uIjtOO3M6ODoiACoAdGFibGUiO3M6MjE6ImNvbmZpZ3VyYXRpb25fb3B0aW9ucyI7czoxMzoiACoAcHJpbWFyeUtleSI7czoyOiJpZCI7czoxMDoiACoAa2V5VHlwZSI7czozOiJpbnQiO3M6MTI6ImluY3JlbWVudGluZyI7YjowO3M6NzoiACoAd2l0aCI7YTowOnt9czoxMjoiACoAd2l0aENvdW50IjthOjA6e31zOjE5OiJwcmV2ZW50c0xhenlMb2FkaW5nIjtiOjA7czoxMDoiACoAcGVyUGFnZSI7aToxNTtzOjY6ImV4aXN0cyI7YjoxO3M6MTg6Indhc1JlY2VudGx5Q3JlYXRlZCI7YjowO3M6Mjg6IgAqAGVzY2FwZVdoZW5DYXN0aW5nVG9TdHJpbmciO2I6MDtzOjEzOiIAKgBhdHRyaWJ1dGVzIjthOjI6e3M6MTY6ImNvbmZpZ3VyYXRpb25faWQiO2k6NDtzOjk6Im9wdGlvbl9pZCI7aToxO31zOjExOiIAKgBvcmlnaW5hbCI7YToyOntzOjE2OiJjb25maWd1cmF0aW9uX2lkIjtpOjQ7czo5OiJvcHRpb25faWQiO2k6MTt9czoxMDoiACoAY2hhbmdlcyI7YTowOnt9czo4OiIAKgBjYXN0cyI7YTowOnt9czoxNzoiACoAY2xhc3NDYXN0Q2FjaGUiO2E6MDp7fXM6MjE6IgAqAGF0dHJpYnV0ZUNhc3RDYWNoZSI7YTowOnt9czoxMzoiACoAZGF0ZUZvcm1hdCI7TjtzOjEwOiIAKgBhcHBlbmRzIjthOjA6e31zOjE5OiIAKgBkaXNwYXRjaGVzRXZlbnRzIjthOjA6e31zOjE0OiIAKgBvYnNlcnZhYmxlcyI7YTowOnt9czoxMjoiACoAcmVsYXRpb25zIjthOjA6e31zOjEwOiIAKgB0b3VjaGVzIjthOjA6e31zOjI3OiIAKgByZWxhdGlvbkF1dG9sb2FkQ2FsbGJhY2siO047czoxMDoidGltZXN0YW1wcyI7YjowO3M6MTM6InVzZXNVbmlxdWVJZHMiO2I6MDtzOjk6IgAqAGhpZGRlbiI7YTowOnt9czoxMDoiACoAdmlzaWJsZSI7YTowOnt9czoxMToiACoAZmlsbGFibGUiO2E6MDp7fXM6MTA6IgAqAGd1YXJkZWQiO2E6MDp7fXM6MTE6InBpdm90UGFyZW50IjtyOjE0MztzOjEyOiJwaXZvdFJlbGF0ZWQiO3I6MTc4O3M6MTM6IgAqAGZvcmVpZ25LZXkiO3M6MTY6ImNvbmZpZ3VyYXRpb25faWQiO3M6MTM6IgAqAHJlbGF0ZWRLZXkiO3M6OToib3B0aW9uX2lkIjt9fXM6MTA6IgAqAHRvdWNoZXMiO2E6MDp7fXM6Mjc6IgAqAHJlbGF0aW9uQXV0b2xvYWRDYWxsYmFjayI7TjtzOjEwOiJ0aW1lc3RhbXBzIjtiOjE7czoxMzoidXNlc1VuaXF1ZUlkcyI7YjowO3M6OToiACoAaGlkZGVuIjthOjA6e31zOjEwOiIAKgB2aXNpYmxlIjthOjA6e31zOjExOiIAKgBmaWxsYWJsZSI7YToxOntpOjA7czo0OiJuYW1lIjt9czoxMDoiACoAZ3VhcmRlZCI7YToxOntpOjA7czoxOiIqIjt9fWk6MTtPOjE3OiJBcHBcTW9kZWxzXE9wdGlvbiI6MzE6e3M6MTM6IgAqAGNvbm5lY3Rpb24iO3M6NToicGdzcWwiO3M6ODoiACoAdGFibGUiO3M6Nzoib3B0aW9ucyI7czoxMzoiACoAcHJpbWFyeUtleSI7czoyOiJpZCI7czoxMDoiACoAa2V5VHlwZSI7czozOiJpbnQiO3M6MTI6ImluY3JlbWVudGluZyI7YjoxO3M6NzoiACoAd2l0aCI7YTowOnt9czoxMjoiACoAd2l0aENvdW50IjthOjA6e31zOjE5OiJwcmV2ZW50c0xhenlMb2FkaW5nIjtiOjA7czoxMDoiACoAcGVyUGFnZSI7aToxNTtzOjY6ImV4aXN0cyI7YjoxO3M6MTg6Indhc1JlY2VudGx5Q3JlYXRlZCI7YjowO3M6Mjg6IgAqAGVzY2FwZVdoZW5DYXN0aW5nVG9TdHJpbmciO2I6MDtzOjEzOiIAKgBhdHRyaWJ1dGVzIjthOjQ6e3M6MjoiaWQiO2k6MztzOjQ6Im5hbWUiO3M6MjU6ItCa0L7QstCw0L3Ri9C1INC00LjRgdC60LgiO3M6MTA6ImNyZWF0ZWRfYXQiO3M6MTk6IjIwMjUtMDQtMTEgMDQ6MTM6NTgiO3M6MTA6InVwZGF0ZWRfYXQiO3M6MTk6IjIwMjUtMDQtMTEgMDQ6MTM6NTgiO31zOjExOiIAKgBvcmlnaW5hbCI7YTo2OntzOjI6ImlkIjtpOjM7czo0OiJuYW1lIjtzOjI1OiLQmtC+0LLQsNC90YvQtSDQtNC40YHQutC4IjtzOjEwOiJjcmVhdGVkX2F0IjtzOjE5OiIyMDI1LTA0LTExIDA0OjEzOjU4IjtzOjEwOiJ1cGRhdGVkX2F0IjtzOjE5OiIyMDI1LTA0LTExIDA0OjEzOjU4IjtzOjIyOiJwaXZvdF9jb25maWd1cmF0aW9uX2lkIjtpOjQ7czoxNToicGl2b3Rfb3B0aW9uX2lkIjtpOjM7fXM6MTA6IgAqAGNoYW5nZXMiO2E6MDp7fXM6ODoiACoAY2FzdHMiO2E6MDp7fXM6MTc6IgAqAGNsYXNzQ2FzdENhY2hlIjthOjA6e31zOjIxOiIAKgBhdHRyaWJ1dGVDYXN0Q2FjaGUiO2E6MDp7fXM6MTM6IgAqAGRhdGVGb3JtYXQiO047czoxMDoiACoAYXBwZW5kcyI7YTowOnt9czoxOToiACoAZGlzcGF0Y2hlc0V2ZW50cyI7YTowOnt9czoxNDoiACoAb2JzZXJ2YWJsZXMiO2E6MDp7fXM6MTI6IgAqAHJlbGF0aW9ucyI7YToxOntzOjU6InBpdm90IjtPOjQ0OiJJbGx1bWluYXRlXERhdGFiYXNlXEVsb3F1ZW50XFJlbGF0aW9uc1xQaXZvdCI6MzU6e3M6MTM6IgAqAGNvbm5lY3Rpb24iO047czo4OiIAKgB0YWJsZSI7czoyMToiY29uZmlndXJhdGlvbl9vcHRpb25zIjtzOjEzOiIAKgBwcmltYXJ5S2V5IjtzOjI6ImlkIjtzOjEwOiIAKgBrZXlUeXBlIjtzOjM6ImludCI7czoxMjoiaW5jcmVtZW50aW5nIjtiOjA7czo3OiIAKgB3aXRoIjthOjA6e31zOjEyOiIAKgB3aXRoQ291bnQiO2E6MDp7fXM6MTk6InByZXZlbnRzTGF6eUxvYWRpbmciO2I6MDtzOjEwOiIAKgBwZXJQYWdlIjtpOjE1O3M6NjoiZXhpc3RzIjtiOjE7czoxODoid2FzUmVjZW50bHlDcmVhdGVkIjtiOjA7czoyODoiACoAZXNjYXBlV2hlbkNhc3RpbmdUb1N0cmluZyI7YjowO3M6MTM6IgAqAGF0dHJpYnV0ZXMiO2E6Mjp7czoxNjoiY29uZmlndXJhdGlvbl9pZCI7aTo0O3M6OToib3B0aW9uX2lkIjtpOjM7fXM6MTE6IgAqAG9yaWdpbmFsIjthOjI6e3M6MTY6ImNvbmZpZ3VyYXRpb25faWQiO2k6NDtzOjk6Im9wdGlvbl9pZCI7aTozO31zOjEwOiIAKgBjaGFuZ2VzIjthOjA6e31zOjg6IgAqAGNhc3RzIjthOjA6e31zOjE3OiIAKgBjbGFzc0Nhc3RDYWNoZSI7YTowOnt9czoyMToiACoAYXR0cmlidXRlQ2FzdENhY2hlIjthOjA6e31zOjEzOiIAKgBkYXRlRm9ybWF0IjtOO3M6MTA6IgAqAGFwcGVuZHMiO2E6MDp7fXM6MTk6IgAqAGRpc3BhdGNoZXNFdmVudHMiO2E6MDp7fXM6MTQ6IgAqAG9ic2VydmFibGVzIjthOjA6e31zOjEyOiIAKgByZWxhdGlvbnMiO2E6MDp7fXM6MTA6IgAqAHRvdWNoZXMiO2E6MDp7fXM6Mjc6IgAqAHJlbGF0aW9uQXV0b2xvYWRDYWxsYmFjayI7TjtzOjEwOiJ0aW1lc3RhbXBzIjtiOjA7czoxMzoidXNlc1VuaXF1ZUlkcyI7YjowO3M6OToiACoAaGlkZGVuIjthOjA6e31zOjEwOiIAKgB2aXNpYmxlIjthOjA6e31zOjExOiIAKgBmaWxsYWJsZSI7YTowOnt9czoxMDoiACoAZ3VhcmRlZCI7YTowOnt9czoxMToicGl2b3RQYXJlbnQiO3I6MTQzO3M6MTI6InBpdm90UmVsYXRlZCI7cjoxNzg7czoxMzoiACoAZm9yZWlnbktleSI7czoxNjoiY29uZmlndXJhdGlvbl9pZCI7czoxMzoiACoAcmVsYXRlZEtleSI7czo5OiJvcHRpb25faWQiO319czoxMDoiACoAdG91Y2hlcyI7YTowOnt9czoyNzoiACoAcmVsYXRpb25BdXRvbG9hZENhbGxiYWNrIjtOO3M6MTA6InRpbWVzdGFtcHMiO2I6MTtzOjEzOiJ1c2VzVW5pcXVlSWRzIjtiOjA7czo5OiIAKgBoaWRkZW4iO2E6MDp7fXM6MTA6IgAqAHZpc2libGUiO2E6MDp7fXM6MTE6IgAqAGZpbGxhYmxlIjthOjE6e2k6MDtzOjQ6Im5hbWUiO31zOjEwOiIAKgBndWFyZGVkIjthOjE6e2k6MDtzOjE6IioiO319aToyO086MTc6IkFwcFxNb2RlbHNcT3B0aW9uIjozMTp7czoxMzoiACoAY29ubmVjdGlvbiI7czo1OiJwZ3NxbCI7czo4OiIAKgB0YWJsZSI7czo3OiJvcHRpb25zIjtzOjEzOiIAKgBwcmltYXJ5S2V5IjtzOjI6ImlkIjtzOjEwOiIAKgBrZXlUeXBlIjtzOjM6ImludCI7czoxMjoiaW5jcmVtZW50aW5nIjtiOjE7czo3OiIAKgB3aXRoIjthOjA6e31zOjEyOiIAKgB3aXRoQ291bnQiO2E6MDp7fXM6MTk6InByZXZlbnRzTGF6eUxvYWRpbmciO2I6MDtzOjEwOiIAKgBwZXJQYWdlIjtpOjE1O3M6NjoiZXhpc3RzIjtiOjE7czoxODoid2FzUmVjZW50bHlDcmVhdGVkIjtiOjA7czoyODoiACoAZXNjYXBlV2hlbkNhc3RpbmdUb1N0cmluZyI7YjowO3M6MTM6IgAqAGF0dHJpYnV0ZXMiO2E6NDp7czoyOiJpZCI7aTo0O3M6NDoibmFtZSI7czo0Mzoi0KDQvtC30L7Rh9C60LAg0L3QsCDRgdC10LvQtdC60YLQvtGAINCa0J/QnyI7czoxMDoiY3JlYXRlZF9hdCI7czoxOToiMjAyNS0wNC0xMSAwNDoxMzo1OCI7czoxMDoidXBkYXRlZF9hdCI7czoxOToiMjAyNS0wNC0xMSAwNDoxMzo1OCI7fXM6MTE6IgAqAG9yaWdpbmFsIjthOjY6e3M6MjoiaWQiO2k6NDtzOjQ6Im5hbWUiO3M6NDM6ItCg0L7Qt9C+0YfQutCwINC90LAg0YHQtdC70LXQutGC0L7RgCDQmtCf0J8iO3M6MTA6ImNyZWF0ZWRfYXQiO3M6MTk6IjIwMjUtMDQtMTEgMDQ6MTM6NTgiO3M6MTA6InVwZGF0ZWRfYXQiO3M6MTk6IjIwMjUtMDQtMTEgMDQ6MTM6NTgiO3M6MjI6InBpdm90X2NvbmZpZ3VyYXRpb25faWQiO2k6NDtzOjE1OiJwaXZvdF9vcHRpb25faWQiO2k6NDt9czoxMDoiACoAY2hhbmdlcyI7YTowOnt9czo4OiIAKgBjYXN0cyI7YTowOnt9czoxNzoiACoAY2xhc3NDYXN0Q2FjaGUiO2E6MDp7fXM6MjE6IgAqAGF0dHJpYnV0ZUNhc3RDYWNoZSI7YTowOnt9czoxMzoiACoAZGF0ZUZvcm1hdCI7TjtzOjEwOiIAKgBhcHBlbmRzIjthOjA6e31zOjE5OiIAKgBkaXNwYXRjaGVzRXZlbnRzIjthOjA6e31zOjE0OiIAKgBvYnNlcnZhYmxlcyI7YTowOnt9czoxMjoiACoAcmVsYXRpb25zIjthOjE6e3M6NToicGl2b3QiO086NDQ6IklsbHVtaW5hdGVcRGF0YWJhc2VcRWxvcXVlbnRcUmVsYXRpb25zXFBpdm90IjozNTp7czoxMzoiACoAY29ubmVjdGlvbiI7TjtzOjg6IgAqAHRhYmxlIjtzOjIxOiJjb25maWd1cmF0aW9uX29wdGlvbnMiO3M6MTM6IgAqAHByaW1hcnlLZXkiO3M6MjoiaWQiO3M6MTA6IgAqAGtleVR5cGUiO3M6MzoiaW50IjtzOjEyOiJpbmNyZW1lbnRpbmciO2I6MDtzOjc6IgAqAHdpdGgiO2E6MDp7fXM6MTI6IgAqAHdpdGhDb3VudCI7YTowOnt9czoxOToicHJldmVudHNMYXp5TG9hZGluZyI7YjowO3M6MTA6IgAqAHBlclBhZ2UiO2k6MTU7czo2OiJleGlzdHMiO2I6MTtzOjE4OiJ3YXNSZWNlbnRseUNyZWF0ZWQiO2I6MDtzOjI4OiIAKgBlc2NhcGVXaGVuQ2FzdGluZ1RvU3RyaW5nIjtiOjA7czoxMzoiACoAYXR0cmlidXRlcyI7YToyOntzOjE2OiJjb25maWd1cmF0aW9uX2lkIjtpOjQ7czo5OiJvcHRpb25faWQiO2k6NDt9czoxMToiACoAb3JpZ2luYWwiO2E6Mjp7czoxNjoiY29uZmlndXJhdGlvbl9pZCI7aTo0O3M6OToib3B0aW9uX2lkIjtpOjQ7fXM6MTA6IgAqAGNoYW5nZXMiO2E6MDp7fXM6ODoiACoAY2FzdHMiO2E6MDp7fXM6MTc6IgAqAGNsYXNzQ2FzdENhY2hlIjthOjA6e31zOjIxOiIAKgBhdHRyaWJ1dGVDYXN0Q2FjaGUiO2E6MDp7fXM6MTM6IgAqAGRhdGVGb3JtYXQiO047czoxMDoiACoAYXBwZW5kcyI7YTowOnt9czoxOToiACoAZGlzcGF0Y2hlc0V2ZW50cyI7YTowOnt9czoxNDoiACoAb2JzZXJ2YWJsZXMiO2E6MDp7fXM6MTI6IgAqAHJlbGF0aW9ucyI7YTowOnt9czoxMDoiACoAdG91Y2hlcyI7YTowOnt9czoyNzoiACoAcmVsYXRpb25BdXRvbG9hZENhbGxiYWNrIjtOO3M6MTA6InRpbWVzdGFtcHMiO2I6MDtzOjEzOiJ1c2VzVW5pcXVlSWRzIjtiOjA7czo5OiIAKgBoaWRkZW4iO2E6MDp7fXM6MTA6IgAqAHZpc2libGUiO2E6MDp7fXM6MTE6IgAqAGZpbGxhYmxlIjthOjA6e31zOjEwOiIAKgBndWFyZGVkIjthOjA6e31zOjExOiJwaXZvdFBhcmVudCI7cjoxNDM7czoxMjoicGl2b3RSZWxhdGVkIjtyOjE3ODtzOjEzOiIAKgBmb3JlaWduS2V5IjtzOjE2OiJjb25maWd1cmF0aW9uX2lkIjtzOjEzOiIAKgByZWxhdGVkS2V5IjtzOjk6Im9wdGlvbl9pZCI7fX1zOjEwOiIAKgB0b3VjaGVzIjthOjA6e31zOjI3OiIAKgByZWxhdGlvbkF1dG9sb2FkQ2FsbGJhY2siO047czoxMDoidGltZXN0YW1wcyI7YjoxO3M6MTM6InVzZXNVbmlxdWVJZHMiO2I6MDtzOjk6IgAqAGhpZGRlbiI7YTowOnt9czoxMDoiACoAdmlzaWJsZSI7YTowOnt9czoxMToiACoAZmlsbGFibGUiO2E6MTp7aTowO3M6NDoibmFtZSI7fXM6MTA6IgAqAGd1YXJkZWQiO2E6MTp7aTowO3M6MToiKiI7fX19czoyODoiACoAZXNjYXBlV2hlbkNhc3RpbmdUb1N0cmluZyI7YjowO31zOjEyOiJjdXJyZW50UHJpY2UiO086MTY6IkFwcFxNb2RlbHNcUHJpY2UiOjMxOntzOjEzOiIAKgBjb25uZWN0aW9uIjtzOjU6InBnc3FsIjtzOjg6IgAqAHRhYmxlIjtzOjY6InByaWNlcyI7czoxMzoiACoAcHJpbWFyeUtleSI7czoyOiJpZCI7czoxMDoiACoAa2V5VHlwZSI7czozOiJpbnQiO3M6MTI6ImluY3JlbWVudGluZyI7YjoxO3M6NzoiACoAd2l0aCI7YTowOnt9czoxMjoiACoAd2l0aENvdW50IjthOjA6e31zOjE5OiJwcmV2ZW50c0xhenlMb2FkaW5nIjtiOjA7czoxMDoiACoAcGVyUGFnZSI7aToxNTtzOjY6ImV4aXN0cyI7YjoxO3M6MTg6Indhc1JlY2VudGx5Q3JlYXRlZCI7YjowO3M6Mjg6IgAqAGVzY2FwZVdoZW5DYXN0aW5nVG9TdHJpbmciO2I6MDtzOjEzOiIAKgBhdHRyaWJ1dGVzIjthOjc6e3M6MjoiaWQiO2k6NDtzOjE2OiJjb25maWd1cmF0aW9uX2lkIjtpOjQ7czo1OiJwcmljZSI7czoxMDoiMTcwMDAwMC4wMCI7czoxMDoic3RhcnRfZGF0ZSI7czoxMDoiMjAyNS0wNC0wOSI7czo4OiJlbmRfZGF0ZSI7TjtzOjEwOiJjcmVhdGVkX2F0IjtzOjE5OiIyMDI1LTA0LTExIDA0OjEzOjU4IjtzOjEwOiJ1cGRhdGVkX2F0IjtzOjE5OiIyMDI1LTA0LTExIDA0OjEzOjU4Ijt9czoxMToiACoAb3JpZ2luYWwiO2E6Nzp7czoyOiJpZCI7aTo0O3M6MTY6ImNvbmZpZ3VyYXRpb25faWQiO2k6NDtzOjU6InByaWNlIjtzOjEwOiIxNzAwMDAwLjAwIjtzOjEwOiJzdGFydF9kYXRlIjtzOjEwOiIyMDI1LTA0LTA5IjtzOjg6ImVuZF9kYXRlIjtOO3M6MTA6ImNyZWF0ZWRfYXQiO3M6MTk6IjIwMjUtMDQtMTEgMDQ6MTM6NTgiO3M6MTA6InVwZGF0ZWRfYXQiO3M6MTk6IjIwMjUtMDQtMTEgMDQ6MTM6NTgiO31zOjEwOiIAKgBjaGFuZ2VzIjthOjA6e31zOjg6IgAqAGNhc3RzIjthOjA6e31zOjE3OiIAKgBjbGFzc0Nhc3RDYWNoZSI7YTowOnt9czoyMToiACoAYXR0cmlidXRlQ2FzdENhY2hlIjthOjA6e31zOjEzOiIAKgBkYXRlRm9ybWF0IjtOO3M6MTA6IgAqAGFwcGVuZHMiO2E6MDp7fXM6MTk6IgAqAGRpc3BhdGNoZXNFdmVudHMiO2E6MDp7fXM6MTQ6IgAqAG9ic2VydmFibGVzIjthOjA6e31zOjEyOiIAKgByZWxhdGlvbnMiO2E6MDp7fXM6MTA6IgAqAHRvdWNoZXMiO2E6MDp7fXM6Mjc6IgAqAHJlbGF0aW9uQXV0b2xvYWRDYWxsYmFjayI7TjtzOjEwOiJ0aW1lc3RhbXBzIjtiOjE7czoxMzoidXNlc1VuaXF1ZUlkcyI7YjowO3M6OToiACoAaGlkZGVuIjthOjA6e31zOjEwOiIAKgB2aXNpYmxlIjthOjA6e31zOjExOiIAKgBmaWxsYWJsZSI7YTo0OntpOjA7czoxNjoiY29uZmlndXJhdGlvbl9pZCI7aToxO3M6NToicHJpY2UiO2k6MjtzOjEwOiJzdGFydF9kYXRlIjtpOjM7czo4OiJlbmRfZGF0ZSI7fXM6MTA6IgAqAGd1YXJkZWQiO2E6MTp7aTowO3M6MToiKiI7fX19czoxMDoiACoAdG91Y2hlcyI7YTowOnt9czoyNzoiACoAcmVsYXRpb25BdXRvbG9hZENhbGxiYWNrIjtOO3M6MTA6InRpbWVzdGFtcHMiO2I6MTtzOjEzOiJ1c2VzVW5pcXVlSWRzIjtiOjA7czo5OiIAKgBoaWRkZW4iO2E6MDp7fXM6MTA6IgAqAHZpc2libGUiO2E6MDp7fXM6MTE6IgAqAGZpbGxhYmxlIjthOjI6e2k6MDtzOjY6ImNhcl9pZCI7aToxO3M6NDoibmFtZSI7fXM6MTA6IgAqAGd1YXJkZWQiO2E6MTp7aTowO3M6MToiKiI7fX19czoyODoiACoAZXNjYXBlV2hlbkNhc3RpbmdUb1N0cmluZyI7YjowO319czoxMDoiACoAdG91Y2hlcyI7YTowOnt9czoyNzoiACoAcmVsYXRpb25BdXRvbG9hZENhbGxiYWNrIjtOO3M6MTA6InRpbWVzdGFtcHMiO2I6MTtzOjEzOiJ1c2VzVW5pcXVlSWRzIjtiOjA7czo5OiIAKgBoaWRkZW4iO2E6MDp7fXM6MTA6IgAqAHZpc2libGUiO2E6MDp7fXM6MTE6IgAqAGZpbGxhYmxlIjthOjE6e2k6MDtzOjQ6Im5hbWUiO31zOjEwOiIAKgBndWFyZGVkIjthOjE6e2k6MDtzOjE6IioiO319fXM6Mjg6IgAqAGVzY2FwZVdoZW5DYXN0aW5nVG9TdHJpbmciO2I6MDt9	1744352559
\.


--
-- TOC entry 4939 (class 0 OID 29156)
-- Dependencies: 220
-- Data for Name: cache_locks; Type: TABLE DATA; Schema: public; Owner: postgres
--

COPY public.cache_locks (key, owner, expiration) FROM stdin;
\.


--
-- TOC entry 4946 (class 0 OID 29193)
-- Dependencies: 227
-- Data for Name: cars; Type: TABLE DATA; Schema: public; Owner: postgres
--

COPY public.cars (id, name, created_at, updated_at) FROM stdin;
1	 	2025-04-11 04:13:58	2025-04-11 04:13:58
2	 	2025-04-11 04:13:58	2025-04-11 04:13:58
\.


--
-- TOC entry 4952 (class 0 OID 29219)
-- Dependencies: 233
-- Data for Name: configuration_options; Type: TABLE DATA; Schema: public; Owner: postgres
--

COPY public.configuration_options (id, configuration_id, option_id, created_at, updated_at) FROM stdin;
1	1	1	\N	\N
2	1	2	\N	\N
3	2	1	\N	\N
4	2	2	\N	\N
5	2	3	\N	\N
6	3	1	\N	\N
7	4	1	\N	\N
8	4	3	\N	\N
9	4	4	\N	\N
\.


--
-- TOC entry 4950 (class 0 OID 29207)
-- Dependencies: 231
-- Data for Name: configurations; Type: TABLE DATA; Schema: public; Owner: postgres
--

COPY public.configurations (id, car_id, name, created_at, updated_at) FROM stdin;
1	1		2025-04-11 04:13:58	2025-04-11 04:13:58
2	1		2025-04-11 04:13:58	2025-04-11 04:13:58
3	2		2025-04-11 04:13:58	2025-04-11 04:13:58
4	2		2025-04-11 04:13:58	2025-04-11 04:13:58
\.


--
-- TOC entry 4944 (class 0 OID 29181)
-- Dependencies: 225
-- Data for Name: failed_jobs; Type: TABLE DATA; Schema: public; Owner: postgres
--

COPY public.failed_jobs (id, uuid, connection, queue, payload, exception, failed_at) FROM stdin;
\.


--
-- TOC entry 4942 (class 0 OID 29173)
-- Dependencies: 223
-- Data for Name: job_batches; Type: TABLE DATA; Schema: public; Owner: postgres
--

COPY public.job_batches (id, name, total_jobs, pending_jobs, failed_jobs, failed_job_ids, options, cancelled_at, created_at, finished_at) FROM stdin;
\.


--
-- TOC entry 4941 (class 0 OID 29164)
-- Dependencies: 222
-- Data for Name: jobs; Type: TABLE DATA; Schema: public; Owner: postgres
--

COPY public.jobs (id, queue, payload, attempts, reserved_at, available_at, created_at) FROM stdin;
\.


--
-- TOC entry 4937 (class 0 OID 29143)
-- Dependencies: 218
-- Data for Name: migrations; Type: TABLE DATA; Schema: public; Owner: postgres
--

COPY public.migrations (id, migration, batch) FROM stdin;
1	0001_01_01_000001_create_cache_table	1
2	0001_01_01_000002_create_jobs_table	1
3	2025_04_10_161242_create_cars_table	1
4	2025_04_10_161346_create_options_table	1
5	2025_04_10_161402_create_configurations_table	1
6	2025_04_10_161440_create_configuration_options_table	1
7	2025_04_10_161446_create_prices_table	1
8	2025_04_10_162438_create_personal_access_tokens_table	1
\.


--
-- TOC entry 4948 (class 0 OID 29200)
-- Dependencies: 229
-- Data for Name: options; Type: TABLE DATA; Schema: public; Owner: postgres
--

COPY public.options (id, name, created_at, updated_at) FROM stdin;
1	 	2025-04-11 04:13:58	2025-04-11 04:13:58
2	 	2025-04-11 04:13:58	2025-04-11 04:13:58
3	 	2025-04-11 04:13:58	2025-04-11 04:13:58
4	   	2025-04-11 04:13:58	2025-04-11 04:13:58
\.


--
-- TOC entry 4956 (class 0 OID 29248)
-- Dependencies: 237
-- Data for Name: personal_access_tokens; Type: TABLE DATA; Schema: public; Owner: postgres
--

COPY public.personal_access_tokens (id, tokenable_type, tokenable_id, name, token, abilities, last_used_at, expires_at, created_at, updated_at) FROM stdin;
\.


--
-- TOC entry 4954 (class 0 OID 29236)
-- Dependencies: 235
-- Data for Name: prices; Type: TABLE DATA; Schema: public; Owner: postgres
--

COPY public.prices (id, configuration_id, price, start_date, end_date, created_at, updated_at) FROM stdin;
1	1	1200000.00	2025-03-11	2025-05-11	2025-04-11 04:13:58	2025-04-11 04:13:58
2	2	1500000.00	2025-04-04	\N	2025-04-11 04:13:58	2025-04-11 04:13:58
3	3	1500000.00	2025-04-06	2025-04-21	2025-04-11 04:13:58	2025-04-11 04:13:58
4	4	1700000.00	2025-04-09	\N	2025-04-11 04:13:58	2025-04-11 04:13:58
\.


--
-- TOC entry 4972 (class 0 OID 0)
-- Dependencies: 226
-- Name: cars_id_seq; Type: SEQUENCE SET; Schema: public; Owner: postgres
--

SELECT pg_catalog.setval('public.cars_id_seq', 2, true);


--
-- TOC entry 4973 (class 0 OID 0)
-- Dependencies: 232
-- Name: configuration_options_id_seq; Type: SEQUENCE SET; Schema: public; Owner: postgres
--

SELECT pg_catalog.setval('public.configuration_options_id_seq', 9, true);


--
-- TOC entry 4974 (class 0 OID 0)
-- Dependencies: 230
-- Name: configurations_id_seq; Type: SEQUENCE SET; Schema: public; Owner: postgres
--

SELECT pg_catalog.setval('public.configurations_id_seq', 4, true);


--
-- TOC entry 4975 (class 0 OID 0)
-- Dependencies: 224
-- Name: failed_jobs_id_seq; Type: SEQUENCE SET; Schema: public; Owner: postgres
--

SELECT pg_catalog.setval('public.failed_jobs_id_seq', 1, false);


--
-- TOC entry 4976 (class 0 OID 0)
-- Dependencies: 221
-- Name: jobs_id_seq; Type: SEQUENCE SET; Schema: public; Owner: postgres
--

SELECT pg_catalog.setval('public.jobs_id_seq', 1, false);


--
-- TOC entry 4977 (class 0 OID 0)
-- Dependencies: 217
-- Name: migrations_id_seq; Type: SEQUENCE SET; Schema: public; Owner: postgres
--

SELECT pg_catalog.setval('public.migrations_id_seq', 8, true);


--
-- TOC entry 4978 (class 0 OID 0)
-- Dependencies: 228
-- Name: options_id_seq; Type: SEQUENCE SET; Schema: public; Owner: postgres
--

SELECT pg_catalog.setval('public.options_id_seq', 4, true);


--
-- TOC entry 4979 (class 0 OID 0)
-- Dependencies: 236
-- Name: personal_access_tokens_id_seq; Type: SEQUENCE SET; Schema: public; Owner: postgres
--

SELECT pg_catalog.setval('public.personal_access_tokens_id_seq', 1, false);


--
-- TOC entry 4980 (class 0 OID 0)
-- Dependencies: 234
-- Name: prices_id_seq; Type: SEQUENCE SET; Schema: public; Owner: postgres
--

SELECT pg_catalog.setval('public.prices_id_seq', 4, true);


--
-- TOC entry 4762 (class 2606 OID 29162)
-- Name: cache_locks cache_locks_pkey; Type: CONSTRAINT; Schema: public; Owner: postgres
--

ALTER TABLE ONLY public.cache_locks
    ADD CONSTRAINT cache_locks_pkey PRIMARY KEY (key);


--
-- TOC entry 4760 (class 2606 OID 29155)
-- Name: cache cache_pkey; Type: CONSTRAINT; Schema: public; Owner: postgres
--

ALTER TABLE ONLY public.cache
    ADD CONSTRAINT cache_pkey PRIMARY KEY (key);


--
-- TOC entry 4773 (class 2606 OID 29198)
-- Name: cars cars_pkey; Type: CONSTRAINT; Schema: public; Owner: postgres
--

ALTER TABLE ONLY public.cars
    ADD CONSTRAINT cars_pkey PRIMARY KEY (id);


--
-- TOC entry 4779 (class 2606 OID 29224)
-- Name: configuration_options configuration_options_pkey; Type: CONSTRAINT; Schema: public; Owner: postgres
--

ALTER TABLE ONLY public.configuration_options
    ADD CONSTRAINT configuration_options_pkey PRIMARY KEY (id);


--
-- TOC entry 4777 (class 2606 OID 29212)
-- Name: configurations configurations_pkey; Type: CONSTRAINT; Schema: public; Owner: postgres
--

ALTER TABLE ONLY public.configurations
    ADD CONSTRAINT configurations_pkey PRIMARY KEY (id);


--
-- TOC entry 4769 (class 2606 OID 29189)
-- Name: failed_jobs failed_jobs_pkey; Type: CONSTRAINT; Schema: public; Owner: postgres
--

ALTER TABLE ONLY public.failed_jobs
    ADD CONSTRAINT failed_jobs_pkey PRIMARY KEY (id);


--
-- TOC entry 4771 (class 2606 OID 29191)
-- Name: failed_jobs failed_jobs_uuid_unique; Type: CONSTRAINT; Schema: public; Owner: postgres
--

ALTER TABLE ONLY public.failed_jobs
    ADD CONSTRAINT failed_jobs_uuid_unique UNIQUE (uuid);


--
-- TOC entry 4767 (class 2606 OID 29179)
-- Name: job_batches job_batches_pkey; Type: CONSTRAINT; Schema: public; Owner: postgres
--

ALTER TABLE ONLY public.job_batches
    ADD CONSTRAINT job_batches_pkey PRIMARY KEY (id);


--
-- TOC entry 4764 (class 2606 OID 29171)
-- Name: jobs jobs_pkey; Type: CONSTRAINT; Schema: public; Owner: postgres
--

ALTER TABLE ONLY public.jobs
    ADD CONSTRAINT jobs_pkey PRIMARY KEY (id);


--
-- TOC entry 4758 (class 2606 OID 29148)
-- Name: migrations migrations_pkey; Type: CONSTRAINT; Schema: public; Owner: postgres
--

ALTER TABLE ONLY public.migrations
    ADD CONSTRAINT migrations_pkey PRIMARY KEY (id);


--
-- TOC entry 4775 (class 2606 OID 29205)
-- Name: options options_pkey; Type: CONSTRAINT; Schema: public; Owner: postgres
--

ALTER TABLE ONLY public.options
    ADD CONSTRAINT options_pkey PRIMARY KEY (id);


--
-- TOC entry 4783 (class 2606 OID 29255)
-- Name: personal_access_tokens personal_access_tokens_pkey; Type: CONSTRAINT; Schema: public; Owner: postgres
--

ALTER TABLE ONLY public.personal_access_tokens
    ADD CONSTRAINT personal_access_tokens_pkey PRIMARY KEY (id);


--
-- TOC entry 4785 (class 2606 OID 29258)
-- Name: personal_access_tokens personal_access_tokens_token_unique; Type: CONSTRAINT; Schema: public; Owner: postgres
--

ALTER TABLE ONLY public.personal_access_tokens
    ADD CONSTRAINT personal_access_tokens_token_unique UNIQUE (token);


--
-- TOC entry 4781 (class 2606 OID 29241)
-- Name: prices prices_pkey; Type: CONSTRAINT; Schema: public; Owner: postgres
--

ALTER TABLE ONLY public.prices
    ADD CONSTRAINT prices_pkey PRIMARY KEY (id);


--
-- TOC entry 4765 (class 1259 OID 29172)
-- Name: jobs_queue_index; Type: INDEX; Schema: public; Owner: postgres
--

CREATE INDEX jobs_queue_index ON public.jobs USING btree (queue);


--
-- TOC entry 4786 (class 1259 OID 29256)
-- Name: personal_access_tokens_tokenable_type_tokenable_id_index; Type: INDEX; Schema: public; Owner: postgres
--

CREATE INDEX personal_access_tokens_tokenable_type_tokenable_id_index ON public.personal_access_tokens USING btree (tokenable_type, tokenable_id);


--
-- TOC entry 4788 (class 2606 OID 29225)
-- Name: configuration_options configuration_options_configuration_id_foreign; Type: FK CONSTRAINT; Schema: public; Owner: postgres
--

ALTER TABLE ONLY public.configuration_options
    ADD CONSTRAINT configuration_options_configuration_id_foreign FOREIGN KEY (configuration_id) REFERENCES public.configurations(id) ON DELETE CASCADE;


--
-- TOC entry 4789 (class 2606 OID 29230)
-- Name: configuration_options configuration_options_option_id_foreign; Type: FK CONSTRAINT; Schema: public; Owner: postgres
--

ALTER TABLE ONLY public.configuration_options
    ADD CONSTRAINT configuration_options_option_id_foreign FOREIGN KEY (option_id) REFERENCES public.options(id) ON DELETE CASCADE;


--
-- TOC entry 4787 (class 2606 OID 29213)
-- Name: configurations configurations_car_id_foreign; Type: FK CONSTRAINT; Schema: public; Owner: postgres
--

ALTER TABLE ONLY public.configurations
    ADD CONSTRAINT configurations_car_id_foreign FOREIGN KEY (car_id) REFERENCES public.cars(id) ON DELETE CASCADE;


--
-- TOC entry 4790 (class 2606 OID 29242)
-- Name: prices prices_configuration_id_foreign; Type: FK CONSTRAINT; Schema: public; Owner: postgres
--

ALTER TABLE ONLY public.prices
    ADD CONSTRAINT prices_configuration_id_foreign FOREIGN KEY (configuration_id) REFERENCES public.configurations(id) ON DELETE CASCADE;


-- Completed on 2025-04-11 11:50:49

--
-- PostgreSQL database dump complete
--

